Occurrences,Word,Length,Freq_KF,Freq_HAL,Log_Freq_HAL,SUBTLWF,LgSUBTLWF,SUBTLCD,LgSUBTLCD,Ortho_N,Phono_N,Phono_N_H,OG_N,OG_N_H,Freq_N,Freq_N_P,Freq_N_PH,Freq_N_OG,Freq_N_OGH,Freq_Greater,Freq_G_Mean,Freq_Less,Freq_L_Mean,Freq_Rel,OLD,OLDF,PLD,PLDF,Concreteness_Rating,Semantic_Neighborhood_Density,Semantic_Neighbors,Semantic_Diversity,Age_Of_Acquisition,Body_Object_Interaction,Emotional_Valence,Emotional_Arousal,Emotional_Dominance,Assoc_Freq_R1,Assoc_Types_R1,Assoc_Freq_R123,Assoc_Types_R123,BG_Sum,BG_Mean,BG_Freq_By_Pos,Pron,NPhon,NSyll,MorphSp,MorphPr,NMorph,POS,I_Mean_RT,I_Zscore,I_SD,Obs,I_Mean_Accuracy,I_NMG_Mean_RT,I_NMG_Zscore,I_NMG_SD,I_NMG_Obs,I_NMG_Mean_Accuracy
1,shred,5,3,"1,446",7.277,2.94,2.179,1.54,2.114,3,9,9,0,0,4.9,7.93,7.93,#,#,0,#,3,4.9,1.49,1.65,7.576,1.5,8.437,4.38,0.292,0,1.726,9.28,2.565,4.53,3.7,5.32,8,6,41,22,"19,505","4,876.25","2,543","Sr""Ed",4,1,{shred},"{Sr""Ed}",1,NN|VB,620.781,-0.361,158.17,28,0.94,650.25,-0.403,163.144,#,1
1,mother,6,216,"42,113",10.648,479.92,4.389,66.24,3.745,3,4,4,0,0,5.2,5.095,5.095,#,#,0,#,3,5.2,2.04,1.8,7.578,1.7,7.47,4.6,0.672,"7,838",1.59,2.63,5.52,7.53,4.73,6.11,826,313,"2,114",735,"23,028","4,605.60","4,867","m""V.D@`",4,2,{mother},"{m""V.D@`}",1,NN,566.206,-0.671,208.711,28,1,565.607,-0.692,101.523,#,1
1,music,5,216,"134,404",11.809,151.65,3.889,32.18,3.431,0,3,3,0,0,#,6.185,6.185,#,#,#,#,#,#,#,2,7.307,2.05,7.207,4.31,0.675,"8,288",1.489,3.81,3.13,7.67,5.57,6.5,"3,448",605,"8,421","1,382","11,367","2,841.75","1,970","mj""u.zIk",6,2,{music},"{mj""u.zIk}",1,NN,554.406,-0.79,137.17,25,0.97,599.48,-0.527,133.553,#,1
1,operation,9,113,"28,468",10.257,43.94,3.351,14.27,3.079,0,0,0,0,0,#,#,#,#,#,#,#,#,#,#,2.4,6.868,2.55,6.997,3.44,0.675,"8,094",2.041,7.84,#,2.94,5.71,3.78,73,31,247,95,"53,876","6,734.50","5,137","%A.p@`.r""e.Sn=",7,4,{oper--ate}>ion>,"{%A.p@`.r--""e.S$}>n=>",3,NN,717,-0.348,261.109,26,1,564.962,-0.655,67.265,#,0.963
1,overcome,8,26,"7,196",8.881,6.2,2.501,3.21,2.431,1,1,1,1,1,6,6.031,6.031,6.031,6.031,0,#,1,6,1.47,2.5,5.573,2.65,5.655,2.28,0.617,"4,380",2.159,8,#,6.81,5.75,6.32,94,37,289,126,"28,804","4,114.86","2,659","%o.v@`.k""Vm",6,3,<over<{come},"<%o.v@`<.{k""Vm}",2,VB,658.594,-0.44,314.422,29,1,578.31,-0.791,88.488,#,1
1,pick,4,55,"45,297",10.721,198.39,4.005,56.34,3.675,16,41,41,14,14,8.1,7.705,7.705,8.198,8.198,0,#,16,8.1,1.33,1.15,8.067,1,8.283,3.82,0.627,"5,240",1.988,5.26,3.259,5.91,3.62,5.94,150,55,448,160,"8,292","2,764.00","1,804","p""Ik",3,1,{pick},"{p""Ik}",1,VB|NN,535.031,-0.873,132.744,28,0.97,561.679,-0.789,83.521,#,1
1,piss,4,1,"6,979",8.851,23.59,3.081,9.67,2.91,14,29,29,7,7,7.1,8.095,8.095,7.328,7.328,4,9.9,10,6,1.24,1.5,8.05,1,8.728,4.73,0.301,0,1.235,7.56,4.769,2.73,4.74,5.63,56,22,140,60,"11,191","3,730.33","2,723","p""Is",3,1,{piss},"{p""Is}",1,VB|NN,672.806,-0.462,265.83,28,0.94,619.929,-0.472,117.378,#,1
1,player,6,51,"58,218",10.972,37.76,3.285,12.29,3.014,5,11,11,2,2,7.7,8.299,8.299,9.511,9.511,1,11.1,4,6.9,1.42,1.75,8.027,1.8,8.082,4.15,0.663,"7,492",1.381,6.89,4.72,5.55,5.95,5.68,173,70,444,176,"20,050","4,010.00","4,365","pl""e@`",4,1,{play}>er>,"{pl""e}>@`>",2,NN,535.471,-0.846,137.948,27,1,555.778,-0.756,84.823,#,0.964
1,pop,3,8,"22,982",10.042,67.47,3.537,18.45,3.19,20,32,32,17,17,7.3,6.982,6.982,7.318,7.318,1,11.7,19,7,1.38,1,7.534,1,7.547,4.22,0.644,"6,390",1.228,4.485,3.148,6.05,4.45,5.68,392,102,923,250,"3,688","1,844.00","1,206","p""Ap",3,1,{pop},"{p""Ap}",1,NN|VB,562.424,-0.739,176.644,27,1,563.926,-0.756,86.623,#,1
1,rabbit,6,11,"5,751",8.657,20.94,3.029,5.33,2.651,1,3,3,0,0,7.2,6.941,6.941,#,#,0,#,1,7.2,1.2,2.5,7.16,1.8,7.95,4.93,0.588,"2,403",1.479,3.94,5,7.21,3.98,5.95,300,87,712,240,"13,895","2,779.00","1,932","r""a.b@t",5,2,{rabbit},"{r""a.b@t}",1,NN|VB,589.667,-0.674,177.896,27,1,556.111,-0.771,84.474,#,1
1,radical,7,30,"8,075",8.997,4.27,2.34,2.16,2.26,0,1,1,0,0,#,1.946,1.946,#,#,#,#,#,#,#,2.55,6.994,2.7,7.032,2.1,0.636,"5,923",1.789,11.9,#,4.36,5.27,5.21,24,18,98,67,"25,954","4,325.67","2,858","r""a.4I.k@l",7,3,{radic--al},"{r""a.4I.k--@l}",2,JJ|NN,738.067,-0.243,316.388,28,0.94,642.607,-0.527,160.61,#,1
1,retreat,7,14,"3,082",8.033,9.49,2.686,3.52,2.471,1,1,1,0,0,4.3,9.064,9.064,#,#,0,#,1,4.3,1.85,2.3,6.713,2.2,7.107,3.03,0.612,"4,206",1.902,10.53,2.609,4.92,4.12,4.68,35,24,128,79,"34,221","5,703.50","6,104","rI.tr""it",6,2,{retreat},"{rI.tr""it}",1,NN|VB,727.2,-0.344,282.603,25,0.94,620.64,-0.488,107.696,#,1
1,revolution,10,70,"13,497",9.51,12.33,2.799,3.85,2.51,2,2,2,2,2,8.2,8.209,8.209,8.209,8.209,1,10.1,1,6.3,1.16,2.35,6.497,2.45,6.54,2.87,0.655,"7,099",1.626,10,#,4.81,5.68,5.23,122,50,344,142,"37,247","4,138.56","6,232","r%E.v@.l""u.Sn=",8,4,{re--volution},"{r%E-.-v@.l""u.Sn=}",2,NN,679.364,-0.376,212.392,29,0.97,652.207,-0.256,238.033,#,1
1,rotten,6,2,"2,386",7.777,17.47,2.95,7.75,2.814,4,4,4,1,1,6.1,8.908,8.908,10.26,10.26,1,10.3,3,4.7,1.28,1.95,6.759,1.85,7.666,3.87,0.522,0,1.674,6.95,2.731,2.43,4.9,3.37,149,43,377,132,"23,530","4,706.00","3,933","r""At.n=",4,2,{rot}>en>,"{r""At}.>n=>",2,JJ,647.419,-0.435,148.31,27,0.97,581.185,-0.529,110.902,#,1
1,rush,4,20,"27,949",10.238,31.41,3.205,14.68,3.091,13,17,17,7,7,7.4,7.119,7.119,6.918,6.918,0,#,13,7.4,1.39,1.25,7.729,1.05,7.664,2.9,0.629,"5,829",1.902,6.7,2.25,4.05,6.55,6.79,133,54,370,168,"7,095","2,365.00","1,233","r""VS",3,1,{rush},"{r""VS}",1,NN|VB,628.167,-0.722,298.697,27,0.97,550.148,-0.754,102.87,#,1
1,shake,5,17,"5,292",8.574,39.63,3.306,15.45,3.113,12,28,28,5,5,7.5,7.482,7.482,8.106,8.106,4,9.8,8,6.4,1.14,1.25,7.991,1,8.249,4.07,0.561,333,1.879,5.26,3.519,4.59,5.2,6.37,359,78,834,205,"7,660","1,915.00","2,303","S""ek",3,1,{shake},"{S""ek}",1,VB|NN,556.118,-0.824,128.065,27,0.97,639.519,-0.386,122.806,#,1
1,misfire,7,#,191,5.252,0.41,1.342,0.19,1.23,0,0,0,0,0,#,#,#,#,#,#,#,#,#,#,2.65,6.16,2.65,5.79,3.31,0.228,0,#,11,#,2.63,4.64,3,2,2,3,3,"19,940","3,323.33","3,726","mIs.f""aIr",6,2,<mis<{fire},"<mIs<.{f""aIr}",2,VB,756.571,-0.057,277.788,26,0.9,706.269,-0.243,187.194,#,1
1,slave,5,30,"13,149",9.484,18.43,2.974,5.94,2.698,7,11,11,4,4,5.9,5.172,5.172,5.285,5.285,0,#,7,5.9,1.6,1.5,7.812,1.5,7.534,4.38,0.623,"5,360",1.591,7.84,3.957,2.06,4.53,2.61,178,72,425,162,"9,642","2,410.50","2,262","sl""ev",4,1,{slave},"{sl""ev}",1,NN|VB,608.25,-0.605,155.684,27,0.94,650.111,-0.297,138.934,#,1
1,snappy,6,1,886,6.787,2.94,2.179,1.57,2.124,1,5,5,1,1,4.6,6.154,6.154,4.605,4.605,0,#,1,4.6,1.47,2.05,6.721,1.7,6.176,2.65,0.277,0,1.72,9.05,#,5.55,5.05,5.68,15,12,46,33,"6,157","1,231.40","1,188","sn""ap.i",5,2,{snap}>y>,"{sn""ap}.>i>",2,JJ,603.909,-0.616,243.317,26,1,670.423,-0.26,88.664,#,1
1,spineless,9,2,402,5.996,0.86,1.653,0.5,1.633,0,0,0,0,0,#,#,#,#,#,#,#,#,#,#,2.9,5.048,2.65,5.962,2.25,0.216,0,#,11.05,#,2.95,4.57,4.1,6,5,23,16,"50,031","6,253.88","6,317","sp""aIn.l@s",7,2,{spine}>less>,"{sp""aIn}.>l@s>",2,JJ,735.273,-0.093,359.836,28,0.97,669.143,-0.142,103.225,#,1
1,sunset,6,14,"3,475",8.153,10.31,2.722,4.47,2.575,0,0,0,0,0,#,#,#,#,#,#,#,#,#,#,2.05,7.193,2.75,5.24,4.54,0.584,"2,191",1.619,6.06,2.333,7.46,4.68,5.32,86,29,289,108,"15,829","3,165.80","3,664","s""Vn.s%Et",6,2,{sun}{set},"{s""Vn}.{s%Et}",2,NN,612.031,-0.641,141.949,28,0.97,620.607,-0.365,154.64,#,1
1,survival,8,32,"9,737",9.184,10.1,2.713,5.02,2.625,0,3,3,0,0,#,7.656,7.656,#,#,#,#,#,#,#,2.65,7.124,3,7.063,2.34,0.625,"5,182",1.903,8.47,#,7.05,5.4,5.86,14,13,117,83,"14,673","2,096.14","3,146","s@`.v""aIv.l=",6,3,{sur--vive}>al>,"{s@`-.-v""aIv}.>l=>",3,NN,684.882,-0.396,258.701,27,1,653.37,-0.324,100.126,#,1
1,terminal,8,12,"24,678",10.114,7.65,2.592,2.97,2.398,1,0,0,0,0,4.4,#,#,#,#,0,#,1,4.4,2.32,2.6,6.87,2.8,7.381,3.86,0.624,"4,806",1.698,9.33,#,4.27,3.68,4.15,11,10,77,49,"48,887","6,983.86","6,146","t""3`.m@.nl=",6,3,{termin--al},"{t""3`.m@.n--l=}",2,NN|JJ,630.471,-0.582,182.347,24,1,681.125,-0.276,162.281,#,1
1,thick,5,67,"11,429",9.344,13.98,2.854,6.72,2.752,3,18,18,1,1,10.4,8.607,8.607,8.064,8.064,2,11.5,1,8.1,0.9,1.75,8.487,1.2,9.184,4,0.608,"3,056",1.759,5.61,1.724,4.63,3.13,5.72,239,98,737,298,"11,350","2,837.50","2,152","T""Ik",3,1,{thick},"{T""Ik}",1,JJ|NN|RB,662.406,-0.626,322.767,27,0.91,650.852,-0.353,155.608,#,0.964
1,thinker,7,6,"1,007",6.915,1.18,1.785,0.68,1.763,2,5,5,0,0,7.5,6.267,6.267,#,#,2,7.5,0,#,0.92,1.8,6.243,1.8,6.744,2.54,0.503,0,1.474,7.61,#,7.26,4.45,7.68,60,37,167,97,"35,132","5,855.33","4,994","T""INk.@`",5,2,{think}>er>,"{T""INk}.>@`>",2,NN,568.344,-0.73,104.531,27,0.97,582.481,-0.648,118.645,#,1
1,traffic,7,68,"25,455",10.145,28.51,3.163,11.83,2.997,0,2,2,0,0,#,8.702,8.702,#,#,#,#,#,#,#,2.95,6.607,1.85,7.759,4.67,0.651,"6,683",1.531,6.22,3.542,2.18,5.25,5.58,207,84,790,254,"16,761","2,793.50","3,618","tr""a.fIk",6,2,{traffic},"{tr""a.fIk}",1,NN,584.355,-0.766,256.24,28,0.97,582.714,-0.533,105.731,#,1
1,treasured,9,2,287,5.659,0.59,1.491,0.3,1.415,2,3,3,2,2,7.3,7.684,7.684,7.316,7.316,2,7.3,0,#,0.77,2.5,7.513,2.45,7.636,2.52,0.345,0,1.811,8.47,#,7.14,5.16,7.05,8,5,26,17,"38,499","4,812.38","5,381","tr""E.Zrd",6,2,{treasure}>ed>,"{tr""E.Zr}>d>",2,VB,699.844,-0.251,274.346,28,0.97,650.321,-0.339,85.489,#,1
1,trick,5,15,"15,658",9.659,47.27,3.382,18.19,3.184,8,18,18,6,6,7.6,7.515,7.515,7.893,7.893,1,10.7,7,7.2,1.27,1.5,8.285,1,7.996,3.36,0.596,"3,087",1.799,6.05,2.043,4.89,5.57,3.22,274,94,711,219,"15,934","3,983.50","2,927","tr""Ik",4,1,{trick},"{tr""Ik}",1,NN|VB,619.059,-0.672,342.478,27,1,584.37,-0.589,87.059,#,1
1,urine,5,1,"3,418",8.137,6.51,2.522,2.66,2.35,1,2,2,0,0,7.8,7.303,7.303,#,#,0,#,1,7.8,1.04,1.95,7.714,1.95,7.572,4.93,0.566,31,1.32,9.83,#,2.9,4.38,4.55,81,25,229,67,"28,773","7,193.25","2,580","j""U.r@n",5,2,{urine},"{j""U.r@n}",1,NN,642.824,-0.45,171.629,26,1,688.5,-0.244,185.478,#,0.963
1,useless,7,17,"13,510",9.511,19.94,3.008,9.13,2.885,0,0,0,0,0,#,#,#,#,#,#,#,#,#,#,2.6,6.243,2.35,4.977,1.78,0.569,890,1.961,7.05,#,2.8,4.39,4.65,263,99,793,337,"33,890","5,648.33","3,129","j""us.l@s",6,2,{use}>less>,"{j""us}.>l@s>",2,JJ,684.581,-0.395,277.872,25,1,679.96,-0.277,177.221,#,0.962
1,vandal,6,#,191,5.252,0.29,1.204,0.12,1.041,1,7,7,1,1,5,6.43,6.43,4.984,4.984,0,#,1,5,1.05,2.25,7.24,1.65,7.535,3.92,0.333,0,1.542,10.72,#,2.32,4.84,3.25,8,6,21,15,"18,551","3,710.20","3,387","v""an.4l=",5,2,{vandal},"{v""an.4l=}",1,JJ,727.167,-0.132,255.791,27,0.88,652.704,-0.315,143.232,#,0.964
1,wreck,5,8,"2,161",7.678,13.67,2.844,6.18,2.715,2,35,35,2,2,4.9,8.048,8.048,4.939,4.939,0,#,2,4.9,1.55,1.9,7.872,1,8.81,4.07,0.566,815,1.843,7.59,2.792,1.62,4.65,4.27,55,31,153,76,"12,916","3,229.00","2,547","r""Ek",3,1,{wreck},"{r""Ek}",1,NN|VB,625.125,-0.596,158.169,27,0.94,620.111,-0.543,85.55,#,1
1,decay,5,14,"3,565",8.179,2.06,2.025,0.97,1.914,3,8,8,1,1,7.1,5.376,5.376,9.478,9.478,1,9.5,2,5.8,1.16,1.8,7.134,1.85,7.847,3.89,0.58,"1,376",1.741,8.79,1.96,2.4,4.59,2.84,92,35,265,109,"11,978","2,994.50","3,039","dI.k""e",4,2,{decay},"{dI.k""e}",1,NN|VB,685.147,-0.364,323.117,27,1,702.481,-0.126,186.278,#,1
1,batter,6,2,"1,364",7.218,3.98,2.31,1.17,1.996,16,26,26,11,11,6.6,6.861,6.861,7.107,7.107,5,10.3,11,4.9,1.1,1.25,6.914,1,7.456,4.41,0.515,0,1.693,7.05,#,5.24,3.85,6,29,20,106,59,"33,234","6,646.80","6,550","b""a.4@`",4,2,{batter},"{b""a.4@`}",1,NN|VB,724.485,-0.216,263.558,27,0.97,639.481,-0.368,147.052,#,1
1,beat,4,68,"33,104",10.407,131.69,3.827,38.05,3.504,20,42,48,13,16,8.4,8.469,8.334,8.211,8.056,1,12.5,19,8.2,1.24,1,8.357,1,9.959,3.97,0.649,"6,293",1.739,6.15,2.76,4.38,5.52,5.59,261,97,756,263,"13,280","4,426.67","2,723","b""it",3,1,{beat},"{b""it}",1,VB|NN,590.156,-0.663,156.457,21,1,550,-0.792,75.467,#,1
1,brave,5,24,"5,524",8.617,31.71,3.209,13.25,3.046,7,14,14,6,6,7,5.952,5.952,6.863,6.863,2,8.8,5,6.3,1.23,1.5,7.472,1.3,7.593,2.26,0.581,"1,929",1.894,6,1.407,7.38,4.95,6.84,483,98,986,252,"11,526","2,881.50","3,034","br""ev",4,1,{brave},"{br""ev}",1,JJ,573.094,-0.833,206.127,27,0.97,560.704,-0.752,61.168,#,1
1,break,5,88,"47,766",10.774,221.08,4.052,59.88,3.701,6,21,25,0,0,6.7,5.691,5.829,#,#,0,#,6,6.7,1.6,1.65,8.122,1.2,7.811,3.71,0.673,"8,291",2.149,5.3,2.042,5.1,4.71,4.5,546,199,"1,520",551,"13,283","3,320.75","2,965","br""ek",4,1,{break},"{br""ek}",1,VB|NN,604.147,-0.656,198.548,28,1,591.964,-0.703,140.455,#,1
1,catch,5,43,"22,587",10.025,135.51,3.84,44.89,3.576,8,31,31,7,7,7.8,7.381,7.381,7.323,7.323,3,10.5,5,6.1,1.29,1.65,7.825,1.35,8.653,4.11,0.631,"5,641",1.881,4.61,2.32,5.64,4,5.47,145,50,423,150,"15,973","3,993.25","3,440","k""atS",3,1,{catch},"{k""atS}",1,VB|NN,549.061,-0.764,154.941,27,1,608.333,-0.537,91.724,#,1
1,check,5,88,"170,581",12.047,278.98,4.153,63.1,3.724,4,24,30,4,4,8,8.213,8.198,7.971,7.971,0,#,4,8,1.51,1.7,7.681,1.4,8.64,4.11,0.635,"5,893",1.915,5.53,4.045,6.55,3.38,4.67,243,113,683,267,"11,349","2,837.25","2,568","tS""Ek",3,1,{check},"{tS""Ek}",1,VB|NN,596.091,-0.629,168.291,27,0.97,603.815,-0.521,108.052,#,0.964
1,close,5,234,"84,927",11.35,219.43,4.049,61.77,3.715,3,21,25,2,2,8.9,5.691,5.868,8.644,8.644,0,#,3,8.9,1.27,1.6,8.121,1.15,7.723,3.2,0.692,"9,214",2.216,4.5,1.625,5.23,3.81,5.94,598,189,"1,651",507,"9,992","2,498.00","2,306","kl""oz",4,1,{close},"{kl""oz}",1,VB,542.706,-0.844,140.991,28,1,590.429,-0.656,96.967,#,1
1,club,4,145,"63,264",11.055,98.78,3.702,25.7,3.334,2,3,3,0,0,7.6,6.314,6.314,#,#,0,#,2,7.6,1.45,1.85,7.274,1.75,7.337,3.78,0.667,"7,584",1.606,5.89,5.458,6.5,3.76,5.11,315,129,829,302,"3,015","1,005.00","1,097","kl""Vb",4,1,{club},"{kl""Vb}",1,NN|VB,547.029,-0.839,177.86,27,1,606.074,-0.56,127.971,#,1
1,comedian,8,5,"1,124",7.025,4.1,2.322,1.6,2.13,0,2,2,0,0,#,5.725,5.725,#,#,#,#,#,#,#,2.95,6.94,2.6,7.404,4.04,0.594,"2,013",1.338,8.89,#,7.6,5.78,6.48,32,19,107,51,"31,831","4,547.29","6,687","k@.m""i.4i@n",8,3,{comedy}>an>,"{k@.m""i.4i$}>@n>",2,NN,662.531,-0.456,252.868,24,0.97,701.417,-0.026,114.424,#,1
1,comic,5,9,"17,078",9.746,10.82,2.743,3.6,2.481,3,3,3,2,2,5.7,5.561,5.561,5.226,5.226,0,#,3,5.7,1.71,1.8,7.433,1.75,7.128,4,0.644,"6,342",1.419,7,4.88,7.5,4.3,5.6,77,52,227,126,"14,134","3,533.50","5,170","k""A.mIk",5,2,{comic},"{k""A.mIk}",1,JJ|NN,594.029,-0.649,114.288,27,1,593.519,-0.541,91.919,#,1
1,court,5,230,"57,767",10.964,100.73,3.711,21.92,3.265,1,27,27,0,0,10.4,7.124,7.124,#,#,0,#,1,10.4,1.05,1.85,8.245,1,8.993,4.31,0.669,"7,806",1.776,8.39,3.739,3.52,4.43,3.94,473,127,"1,644",362,"13,092","3,273.00","4,964","k""Ort",4,1,{court},"{k""Ort}",1,NN|VB,586.844,-0.708,227.311,27,0.94,591.556,-0.532,95.542,#,1
1,crappy,6,#,"3,155",8.057,4.96,2.405,2.61,2.342,0,7,7,0,0,#,4.59,4.59,#,#,#,#,#,#,#,1.95,6.375,1.65,6.614,1.67,0.224,0,#,7.72,#,2.35,5.26,3.92,33,13,76,33,"10,347","2,069.40","2,774","kr""ap.i",5,2,{crap}>y>,"{kr""ap}.>i>",2,JJ,713.353,-0.259,250.568,28,1,606.143,-0.479,91.847,#,1
1,crook,5,3,"1,171",7.066,5.67,2.462,2.34,2.295,4,9,9,3,3,6,6.674,6.674,6.673,6.673,1,7.9,3,5.4,1.17,1.65,7.597,1.5,7.671,3.79,0.495,0,1.66,7.84,3,2.86,4.62,3.82,88,52,195,113,"8,281","2,070.25","2,611","kr""Uk",4,1,{crook},"{kr""Uk}",1,NN|VB,686.188,-0.295,236.826,25,0.94,601.88,-0.529,107.144,#,1
1,crush,5,4,"3,571",8.181,16.8,2.933,7.45,2.797,4,6,6,2,2,7.6,6.676,6.676,9.253,9.253,2,9.3,2,5.9,1.08,1.8,7.34,1.65,7.626,3.9,0.585,"2,136",1.882,7.58,2.391,4.72,5.6,3.96,72,38,245,118,"8,648","2,162.00","1,805","kr""VS",4,1,{crush},"{kr""VS}",1,VB|NN,614.656,-0.729,253.993,28,0.97,587.964,-0.618,79.262,#,1
1,deadly,6,19,"5,362",8.587,9.88,2.703,4.85,2.611,1,3,3,0,0,7.1,6.413,6.413,#,#,0,#,1,7.1,1.21,1.95,7.717,1.85,7.178,2.7,0.598,"3,239",1.758,6.11,#,1.9,5.04,3.73,108,46,283,119,"14,614","2,922.80","3,934","d""Ed.li",5,2,{dead}>ly>,"{d""Ed}.>li>",2,JJ,592.676,-0.609,133.28,29,1,597.448,-0.72,79.803,#,1
1,amuse,5,3,644,6.468,2.61,2.127,1.37,2.064,1,3,3,1,1,10.2,7.546,7.546,10.163,10.163,1,10.2,0,#,0.64,1.85,7.223,1.8,7.152,2.57,0.333,0,1.674,9,1.739,7.1,5.17,6.8,29,10,48,21,"9,769","2,442.25","1,422","@.mj""uz",5,2,{amuse},"{@.mj""uz}",1,VB,749.364,-0.411,399.065,24,0.97,653.333,-0.434,169.409,#,0.96
1,direct,6,129,"54,882",10.913,24.04,3.089,11.1,2.969,1,0,0,0,0,3,#,#,#,#,0,#,1,3,3.58,2,7.536,2,8.454,2.15,0.684,"8,743",2.249,9.68,2.16,5.75,4.29,6.38,105,61,333,179,"17,866","3,573.20","3,768","d@.r""Ekt",6,2,{direct},"{d@.r""Ekt}",1,JJ|VB|NN|RB,587,-0.649,138.133,26,0.94,630.769,-0.456,131.119,#,0.963
1,discipline,10,27,"7,415",8.911,9.06,2.666,3.99,2.526,0,0,0,0,0,#,#,#,#,#,#,#,#,#,#,3.3,6.169,2.85,7.001,2.24,0.621,"4,740",1.534,7.7,#,5.9,5.8,5.96,68,46,255,156,"41,073","4,563.67","6,309","d""I.s@.plIn",8,3,{discipline},"{d""I.s@.plIn}",1,NN|VB,709.529,-0.301,319.582,28,1,657.929,-0.348,133.466,#,1
1,evil,4,72,"43,736",10.686,73.16,3.572,19.05,3.204,1,7,7,0,0,7.2,7.79,7.79,#,#,0,#,1,7.2,1.47,1.9,8.265,1.75,8.024,1.93,0.64,"6,067",1.586,6.71,#,2.34,5.67,3.6,890,341,"2,414",771,"5,480","1,826.67",694,"""i.vl=",3,2,{evil},"{""i.vl=}",1,JJ|NN,579.727,-0.727,144.508,26,0.97,639.077,-0.508,141.218,#,1
1,feminine,8,10,"2,642",7.879,4.57,2.369,2.27,2.281,0,0,0,0,0,#,#,#,#,#,#,#,#,#,#,2.9,6.684,2.95,6.336,2.41,0.56,222,1.258,8.26,#,7.33,4.32,5.09,101,40,305,130,"43,414","6,202.00","5,828","f""E.m@.nIn",7,3,{femin--ine},"{f""E.m@.n--In}",2,JJ,733.727,-0.333,318.304,28,0.97,681.607,-0.163,162.226,#,1
1,fighter,7,9,"13,334",9.498,12.78,2.815,4.38,2.566,2,23,23,2,2,8,6.895,6.895,8.039,8.039,0,#,2,8,1.18,1.95,7.245,1.2,7.577,3.96,0.622,"5,172",1.274,6.89,#,5.1,5.3,6.42,121,57,291,126,"26,483","4,413.83","4,939","f""aI4.@`",4,2,{fight}>er>,"{f""aI4}.>@`>",2,NN,649.545,-0.42,175.685,27,0.97,672.963,-0.343,121.225,#,1
1,food,4,147,"59,724",10.997,154.43,3.896,42.98,3.557,10,24,24,3,3,9.3,6.855,6.855,7.919,7.919,1,13.4,9,8.8,1.19,1.45,8.436,1.15,8.106,4.8,0.672,"8,125",1.768,3.25,6.47,7.52,4.69,6.08,"4,898","1,010","12,449","2,117","4,136","1,378.67","1,763","f""ud",3,1,{food},"{f""ud}",1,NN,616.882,-0.651,368.582,27,1,571.185,-0.649,85.551,#,1
1,fruitful,8,7,767,6.642,0.92,1.681,0.51,1.643,0,2,2,0,0,#,4.216,4.216,#,#,#,#,#,#,#,3,5.692,2.55,5.853,2.38,0.443,0,1.91,10.39,#,7.11,4.14,6.91,15,10,40,27,"10,378","1,482.57","2,180","fr""ut.fl=",6,2,{fruit}>ful>,"{fr""ut}.>fl=>",2,JJ,666.935,-0.424,198.697,29,0.97,690.276,-0.153,144.222,#,1
1,funeral,7,33,"3,227",8.079,33.2,3.229,11.44,2.983,0,0,0,0,0,#,#,#,#,#,#,#,#,#,#,2.5,6.952,3.55,6.39,3.83,0.624,"5,092",1.522,7.28,2.435,2.07,4.1,3.06,129,44,557,130,"34,280","5,713.33","5,227","fj""u.n@`.r@l",8,3,{funer--al},"{fj""u.n@`.r--@l}",2,NN,651.212,-0.51,223.215,27,1,664.815,-0.244,163.105,#,1
1,gentleman,9,28,"4,731",8.462,41.86,3.33,14.95,3.099,1,0,8,0,8,8,#,7.959,#,7.959,0,#,1,8,1.06,3.55,6.077,3.95,6.1,3.57,0.573,"1,293",1.139,6.89,4.962,7.5,4.14,6.06,93,35,265,94,"35,106","4,388.25","4,737","dZ""En.4l=.m@n",8,3,{gentle}>man>,"{dZ""En.4l=}.>m@n>",2,NN,729.265,-0.248,324.576,26,1,671.346,-0.38,113.971,#,0.963
1,hail,4,10,"3,226",8.079,12.02,2.788,3.98,2.525,15,48,51,13,13,8.5,8.129,8.117,8.555,8.555,9,9.7,6,6.6,0.95,1.15,8.533,1,9.134,4.32,0.551,18,1.762,7.9,3.792,4.81,3.83,4.44,30,16,85,40,"7,311","2,437.00","1,872","h""el",3,1,{hail},"{h""el}",1,NN|VB,652.688,-0.616,268.317,28,0.97,640.071,-0.501,141.141,#,1
1,hang,4,26,"17,803",9.787,147.75,3.877,46.24,3.589,15,33,33,12,12,8.5,8.157,8.157,8.258,8.258,1,11.7,14,8.3,1.15,1.4,8.464,1,9.8,3.7,0.584,"2,090",1.885,6.68,1.667,3.1,4.86,4.61,157,37,352,117,"18,518","6,172.67","3,002","h""aN",3,1,{hang},"{h""aN}",1,VB|NN,602.581,-0.619,230.887,27,0.97,644.222,-0.379,168.454,#,1
1,lawsuit,7,1,"3,855",8.257,6.1,2.494,2.48,2.32,0,0,0,0,0,#,#,#,#,#,#,#,#,#,#,3.15,7.352,2.8,7.471,2.94,0.594,"2,933",1.56,10.56,#,2.84,5.39,3.2,38,18,85,41,"11,561","1,926.83","1,887","l""O.s%ut",5,2,{law}{suit},"{l""O}.{s%ut}",2,NN,684.353,-0.311,218.169,27,1,629.296,-0.502,78.972,#,1
1,lemonade,8,3,403,5.999,5.51,2.45,2.29,2.286,0,0,0,0,0,#,#,#,#,#,#,#,#,#,#,3.55,6.88,3.55,6.034,4.83,0.376,0,1.463,5.06,5.409,7.05,4.63,6,45,22,148,62,"28,453","4,064.71","2,796","l%E.m@n.""ed",7,3,{lemon}>ade>,"{l%E.m@n}.>""ed>",2,NN,643.424,-0.429,193.695,26,0.97,614.154,-0.507,88.759,#,1
1,stun,4,#,"1,780",7.484,1.88,1.987,0.8,1.833,5,11,11,4,4,7.5,8.477,8.477,7.703,7.703,2,8.4,3,7,0.99,1.55,7.977,1.3,8.701,3.14,0.38,0,1.592,9.56,2.68,4.55,5.5,4.19,20,14,56,32,"6,160","2,053.33","1,139","st""Vn",4,1,{stun},"{st""Vn}",1,NN|VB,794.464,-0.029,385.543,28,0.85,628.333,-0.287,94.21,27,1
1,lovable,7,2,419,6.038,1.78,1.964,0.77,1.819,2,1,1,1,1,5.8,5.455,5.455,5.455,5.455,1,6.1,1,5.5,1.05,2.55,6.661,2.7,6.663,1.97,0.359,0,1.659,7.68,#,8.26,5.41,6.83,16,13,48,36,"15,680","2,613.33","2,167","l""Vv.@.bl=",6,3,{love}>able>,"{l""Vv}.>@.bl=>",2,JJ,636.939,-0.427,138.07,28,1,634.786,-0.486,153.404,#,1