"Participant.Public.ID","sur_rate","hap_rate","ang_rate","amb_rate","pos_rate","neg_rate","amw_rate","pow_rate","new_rate","all_amb_rate","all_pos_rate","all_neg_rate","sur_rt","hap_rt","ang_rt","amb_rt","pos_rt","neg_rt","amw_rt","pow_rt","new_rt","sur_neg_rt","sur_pos_rt","amb_neg_rt","amb_pos_rt","amw_neg_rt","amw_pos_rt","face_bad","iaps_bad","word_bad","bad","sex","age","race","Participant.Completion.Code"
"01uh8i8r",0.291666666666667,0.0833333333333333,0.75,0.375,0,1,0.53125,0.0625,1,0.4125,0.05,0.923076923076923,726.783333331696,611.853333333177,690.973333330476,766.443541667589,705.618750002031,649.315000001176,790.490937497452,672.267500000089,679.034666664666,678.396428569353,746.707352939719,718.295000003612,795.332666665976,792.855588230475,787.811000000026,0,0,0,0,"Female",23,"Hispanic or Latino","cekhdw"
"0jepq2m5",0.916666666666667,0,1,0.333333333333333,0,0.916666666666667,0.451612903225806,0,0.857142857142857,0.556962025316456,0,0.921052631578947,771.137291664975,791.873750010079,678.000833329861,1011.97708333105,914.125833349923,941.640416674393,1053.06387096906,868.936562503223,985.994285716775,754.811136361571,950.725000002421,1013.72187500237,1011.10468749539,1098.63607143052,1015.53382353022,0,0,0,0,"Female",51,"White - not of Hispanic Origin","plngbl"
"15ansyby",0.583333333333333,0,0.833333333333333,0.583333333333333,0.166666666666667,0.916666666666667,0.46875,0,1,0.5375,0.05,0.925,691.642291678969,563.710416676865,633.517083343274,691.112916659525,599.817916673298,654.934999988958,754.75015624761,627.039687518845,589.254687496577,672.1692857266,718.904500012286,628.75357143847,778.415999969002,735.168333328329,772.028235294034,0,0,0,0,"Female",54,"White - not of Hispanic Origin","apzawz"
"16j9g5bb",0.0833333333333333,0.0833333333333333,0.916666666666667,0.166666666666667,0,0.833333333333333,0.548387096774194,0,1,0.291139240506329,0.025,0.925,660.020833333116,591.899999998835,598.708333333586,817.687499999617,693.67499999953,731.658333333447,819.125806451813,696.787500000255,724.874999999656,654.899999999543,660.486363636168,805.999999999586,820.024999999623,799.258823529645,843.250000000158,0,0,0,0,"Female",34,"Asian","ysyknb"
"1ip3k464",0.666666666666667,0.0833333333333333,0.833333333333333,0.666666666666667,0.0833333333333333,0.916666666666667,0.32258064516129,0.125,0.9375,0.531645569620253,0.1,0.9,820.342708336587,712.811666662068,733.874166672952,855.009583331897,742.240833334411,748.786250003226,878.261290320698,769.102500000372,910.746874998949,851.290625001639,758.446875006484,819.065624998984,926.897499997722,930.683000001591,853.298571425036,0,0,0,0,"Male",35,"White - not of Hispanic Origin","izpglr"
"1krfn3nk",0.625,0.166666666666667,0.75,0.583333333333333,0.166666666666667,0.833333333333333,0.4,0.0625,0.8125,0.525641025641026,0.125,0.8,480.006874985217,476.857916762432,505.58333331719,473.217291738062,444.401666638441,468.577083277826,521.208999988933,471.924687561113,508.290312485769,496.433333338549,452.62944439633,479.255000062819,464.764500083402,511.835000050875,527.458333280972,0,0,0,0,"Female",43,"White - not of Hispanic Origin","hwsums"
"1p5enr98",0.5,0.166666666666667,0.75,0.521739130434783,0.0833333333333333,0.818181818181818,0.59375,0.0625,0.9375,0.544303797468354,0.1,0.846153846153846,859.859375002998,787.127083337206,824.134166665317,902.490869565594,727.529583331489,771.042727267327,969.465468749149,776.169999999183,825.315000001865,758.24666666449,961.472083341505,869.773333327127,938.182727280285,964.809210526781,976.270769227995,0,0,0,0,"Female",40,"Hispanic or Latino","qgjmfh"
"1t2je5zr",0.217391304347826,0.0909090909090909,0.909090909090909,0.125,0,0.833333333333333,0.166666666666667,0,0.8125,0.168831168831169,0.0256410256410256,0.846153846153846,762.217391304348,750.181818181818,682.363636363636,710.875,740,705.416666666667,789.9,647.375,781.9375,913.4,720.222222222222,749,705.428571428571,796.4,788.6,0,0,0,0,"Male",44,"White - not of Hispanic Origin","ketezg"
"27j0t8d4",0.166666666666667,0,0.75,0.260869565217391,0.0909090909090909,0.636363636363636,0.28125,0,1,0.240506329113924,0.0256410256410256,0.82051282051282,671.610208333126,674.775833333115,668.019999997341,807.347608696664,742.682727274686,900.019090911055,875.344062500517,722.716875000515,791.861562496706,666.208750000805,672.69049999959,868.757500000355,785.673529413009,846.126666667664,886.776956522068,0,0,0,0,"Female",38,"White - not of Hispanic Origin","unopyq"
"2fxiswvf",0.625,0.0833333333333333,0.916666666666667,0.666666666666667,0.0833333333333333,0.916666666666667,0.258064516129032,0,1,0.493670886075949,0.05,0.95,958.399999998315,850.642916661551,890.218750001319,745.480208330264,716.866250001961,813.107916672986,1152.89241935581,930.384999996023,979.329062498437,876.937999999305,1094.16999999666,764.457812494584,707.525000001624,1252.9531250002,1118.08869565341,0,0,0,0,"Female",35,"White - not of Hispanic Origin","nhkqcx"
"2ga95a98",0.863636363636364,0.333333333333333,0.916666666666667,0.875,0.333333333333333,0.916666666666667,NA,NA,NA,NA,NA,NA,483.514545453628,470.363750025475,520.265416669038,468.577291700058,477.557083300781,459.502916647276,NA,NA,NA,471.127631571634,561.965000039588,461.578571459367,517.568333384891,NA,NA,0,0,1,1,"Male",31,"Asian","myaazl"
"2i4b7qxt",0.916666666666667,0.0833333333333333,1,0.521739130434783,0,0.833333333333333,0.21875,0,1,0.518987341772152,0.025,0.948717948717949,526.108125016132,539.751250015494,508.205909091471,656.713913032866,620.465833315393,604.744166688761,581.288124991261,532.866250003281,605.174999989686,526.780909107236,518.707500013988,678.059583316402,633.427727269009,580.790714260989,581.427399995737,0,0,0,0,"Male",53,"White - not of Hispanic Origin","srshwn"
"2j5sot2h",0.375,0,0.916666666666667,0.458333333333333,0,0.916666666666667,0.321428571428571,0,1,0.381578947368421,0,0.95,923.491250025108,754.527916549705,886.083333364998,821.426666652163,803.892083349637,861.544166730406,935.092142832998,791.799687518505,871.175312524429,933.191111156096,917.671333346516,908.179090866311,748.020769240191,973.772777658369,916.769736863085,0,0,0,0,"Female",69,"White - not of Hispanic Origin","shqemc"
"3c5he0pd",0.565217391304348,0,0.916666666666667,0.333333333333333,0,0.916666666666667,0.354838709677419,0,0.9375,0.41025641025641,0,0.925,884.078913043437,742.566249999982,643.021250000101,758.243124999921,718.90666666665,676.250416666562,876.806774193554,726.377500000184,801.540937499965,835.171923076883,947.657999999957,673.023124999986,800.853124999889,962.670909090862,829.581500000035,0,0,0,0,"Male",51,"White - not of Hispanic Origin","zugwbc"
"3e1djr75",0.91304347826087,0,1,0.391304347826087,0,0.916666666666667,0.28125,0,1,0.5,0,0.975,707.955217393844,698.981666646432,733.713749999879,897.86065216986,718.176666671449,788.669999999305,834.587500005,665.836250005668,668.563124992943,698.272380955695,809.624999994412,955.899444434585,860.549999999681,833.856666667593,834.873478267463,0,0,0,0,"Female",33,"Asian","oxstuc"
"460h2czb",0.391304347826087,0,0.833333333333333,0.391304347826087,0,1,NA,NA,NA,NA,NA,NA,940.769347826061,867.129999999939,905.392916666642,964.812173913055,850.205833333339,839.747916666662,NA,NA,NA,980.727222222188,915.082142857121,1060.57166666669,903.252500000006,NA,NA,0,0,1,1,"Male",31,"Asian","oouecv"
"47htcz04",0.411764705882353,0,0.7,0.565217391304348,0,0.916666666666667,0.413793103448276,0,1,0.463768115942029,0,0.888888888888889,1161.42441176892,1106.25590909992,1127.70250000758,1120.7263043616,1172.26727269802,1044.54458333203,1282.0991379257,1042.82000000433,1151.05214286762,1375.60714287351,1011.4964999957,1185.12653847798,1037.0060000103,1430.277916661,1177.50235293608,0,0,0,0,"Male",76,"White - not of Hispanic Origin","szplnl"
"49zru4xn",0.416666666666667,0.0833333333333333,0.818181818181818,0.428571428571429,0.0833333333333333,0.727272727272727,0.59375,0.133333333333333,0.75,0.493506493506494,0.102564102564103,0.763157894736842,561.410833329622,507.58916666382,521.15727271038,691.166190474871,630.252916666601,694.927272736095,507.704687501246,535.800333328856,546.607499993115,643.899499997497,502.490357138283,742.146111093462,652.931250010928,515.995263164912,495.587692300503,0,0,0,0,"Female",43,"White - not of Hispanic Origin","iuwldg"
"4nht1c47",0.666666666666667,0,1,0.608695652173913,0,0.916666666666667,0.344827586206897,0,1,0.526315789473684,0,0.975,874.711458343275,723.41333332588,751.889999994698,850.021956528982,697.286250021231,807.036666665226,1030.96775862726,776.629374988261,894.952187496528,831.899062497541,960.336250034743,751.306785711287,1003.57888891206,1142.21250001574,972.417894738579,0,0,0,0,"Male",47,"White - not of Hispanic Origin","hoiwpc"
"4pi628la",0.826086956521739,0,1,0.565217391304348,0,0.833333333333333,0.483870967741935,0,1,0.61038961038961,0,0.95,938.760217391257,839.566666666697,885.646666666806,1072.73282608697,935.910454545469,1037.89416666666,1085.72983870963,891.84562500003,957.134999999994,938.411052631511,940.418750000048,1107.93192307686,1026.97400000011,1102.46433333329,1070.04124999994,0,0,0,0,"Male",49,"White - not of Hispanic Origin","btoeyl"
"4wgdru3k",0.958333333333333,0,1,0.666666666666667,0.0833333333333333,1,0.517241379310345,0,1,0.701298701298701,0.025,1,651.27270833303,612.808750000113,606.394166667087,832.947499999742,773.669166666878,715.901249999661,894.592931034979,730.720937499882,713.192500001242,655.411521738722,556.080000002112,853.217187499922,792.408124999383,894.001333334017,895.22678571458,0,0,0,0,"Male",53,"White - not of Hispanic Origin","ewzsxj"
"4x34616e",0.875,0,1,0.625,0,0.916666666666667,0.666666666666667,0.166666666666667,1,0.717948717948718,0.0588235294117647,0.974358974358974,709.560833331731,650.065500001074,613.696818181779,742.549166667838,706.392499994157,669.587500002914,794.443999999203,707.617499996559,710.035625001183,681.696428569488,904.61166666743,734.364000001612,756.191111111548,753.499499999452,876.332999998704,0,0,0,0,"Female",30,"Hispanic or Latino","qgidor"
"54w43pb2",0.625,0.166666666666667,0.916666666666667,0.695652173913043,0.25,1,0.583333333333333,0.125,0.933333333333333,0.633802816901408,0.1875,0.948717948717949,679.838333341953,615.487916676405,641.698750017288,693.519347828165,682.065000000875,701.62958332609,695.257499988657,650.879375010845,689.027000001321,672.023000009358,692.863888896277,719.050312509353,635.162857128307,686.423928551709,707.624500000384,0,0,0,0,"Male",21,"White - not of Hispanic Origin","poqgac"
"5oyu3dpk",0.416666666666667,0.166666666666667,1,0.625,0,0.916666666666667,0.40625,0,1,0.475,0.05,0.975,969.76416666439,631.746666668429,653.21875000518,867.841249996369,715.066249996501,766.069583328014,968.808906248341,782.511874996999,774.580937497376,976.920999996946,964.652142855422,887.129333326205,835.694444446643,988.245769231491,955.509999996713,0,0,0,0,"Male",31,"White - not of Hispanic Origin","acvhpm"
"5y72vkhl",0.0666666666666667,0,1,0.217391304347826,0,0.75,0.0740740740740741,0.0625,1,0.123076923076923,0.025,0.884615384615385,617.908333366116,589.134583307896,632.804999981696,799.469782636784,648.815833361974,713.311250030529,839.464259290792,740.95843746909,797.539999970468,606.195000000298,618.745000035103,926.190000027418,764.269722250497,984.140000073238,827.890200028196,0,0,0,0,"Male",41,"White - not of Hispanic Origin","iissbr"
"686g1s10",0.681818181818182,0,0.916666666666667,0.541666666666667,0.0833333333333333,0.75,0.620689655172414,0.1875,0.875,0.613333333333333,0.1,0.85,536.136363636364,501.833333333333,553.666666666667,556.25,518.833333333333,565.916666666667,612.103448275862,591.5625,553.8125,543.933333333333,519.428571428571,558.307692307692,553.818181818182,618.277777777778,602,0,0,0,0,"Female",44,"White - not of Hispanic Origin","mwrnfb"
"6j6injox",0.583333333333333,0.0833333333333333,0.833333333333333,0.583333333333333,0,0.833333333333333,0.566666666666667,0,1,0.576923076923077,0.025,0.9,656.82416667308,568.752083316213,611.329583334737,695.472291661039,653.000416670693,674.264583348607,800.952333336075,693.57968748227,671.03250000946,673.495357132716,633.48450002959,695.690357134611,695.166999998037,815.084411762655,782.471923085933,0,0,0,0,"Male",49,"White - not of Hispanic Origin","xahrtm"
"6k4vgpfn",NA,NA,NA,0.5,0.166666666666667,0.75,0.566666666666667,0,0.875,NA,NA,NA,NA,NA,NA,800.954545454545,684.166666666667,790.25,739.3,647.307692307692,606.875,NA,NA,833.272727272727,768.636363636364,640.117647058824,869,1,0,0,1,"Female",58,"White - not of Hispanic Origin","pgdgnz"
"86gdlm3g",0.708333333333333,0,1,0.666666666666667,0,1,0.612903225806452,0,1,0.658227848101266,0,1,782.083333333333,670.916666666667,691.583333333333,920.25,750.5,772.545454545455,1049.03225806452,878.6875,849.6875,735.705882352941,894.714285714286,868.8125,1023.125,1008.05263157895,1113.91666666667,0,0,0,0,"Female",52,"White - not of Hispanic Origin","ftdhck"
"8alowq0r",0.782608695652174,0,1,0.75,0.0833333333333333,1,0.6875,0,1,0.734177215189873,0.025,1,728.070217387184,703.688749990155,710.616249993715,737.02958333403,719.381250004517,760.396666669597,950.744374995339,844.404062492686,839.685624992853,704.303888882148,813.629000005312,705.478611111175,831.682500002595,924.564545452913,1008.33999998868,0,0,0,0,"Female",61,"White - not of Hispanic Origin","mahaag"
"8j1202i6",NA,NA,NA,0.375,0.0833333333333333,0.666666666666667,0.387096774193548,0.125,0.9375,NA,NA,NA,NA,NA,NA,881.078333339246,697.30916666352,799.924999989647,837.100806454527,834.090624997771,868.340624998382,NA,NA,932.382222232668,850.296000003194,841.011250003551,834.631052634091,1,0,0,1,"Male",30,"Black - not of Hispanic Origin","yfmhpr"
"9jluys9h",0.391304347826087,0.0833333333333333,0.75,0.75,0.0833333333333333,0.916666666666667,0.290322580645161,0.125,1,0.461538461538462,0.1,0.897435897435897,612.831086942764,505.532916693483,534.407083313757,582.462708320236,558.714999972532,535.174166686678,697.549838715443,586.922187489108,606.4846666685,584.257222246379,631.199999961869,577.592777760907,597.072499998224,724.919444441588,686.353181827475,0,0,0,0,"Male",48,"White - not of Hispanic Origin","fenmxq"
"A10QB6LE8VC9H8",0.625,0.0833333333333333,0.75,0.434782608695652,0,0.833333333333333,0.40625,0.0625,1,0.481012658227848,0.05,0.875,748.345208330041,580.792499997187,627.253333324916,639.843478259813,609.88958333716,664.794999999382,668.573437491432,618.348749994766,670.680312512559,754.807333333883,737.574999990304,672.03800000716,615.078461531084,692.484230756795,652.213421046709,0,0,0,0,"Male",24,"White - not of Hispanic Origin","zhdziu"
"A11ST9LLMHHIF9",0.833333333333333,0,1,0.291666666666667,0,0.666666666666667,0.633333333333333,0.0625,0.9375,0.58974358974359,0.025,0.875,614.791666671711,552.499999971284,581.833333339697,805.541666709663,761.99999996849,805.416666650368,729.699999978766,655.749999976251,689.062500008731,598.499999998603,696.250000037253,812.000000084351,802.882352967144,747.263157862778,699.363636360927,0,0,0,0,"Female",68,"White - not of Hispanic Origin","zywnen"
"A12FTSX85NQ8N9",0.833333333333333,0.0833333333333333,1,0.333333333333333,0,0.833333333333333,0.3125,0,0.9375,0.475,0.025,0.925,888.66854166675,756.477916666275,756.524999999783,948.824583333438,821.409999999559,860.520416666684,991.743906250008,928.934687500259,963.767187500025,881.447000000116,924.776249999921,1018.42562499996,914.024062500175,957.975000000443,1007.09340909072,0,0,0,0,"Male",27,"White - not of Hispanic Origin","nqcrcb"
"A12TZ1W76AGOF9",0.416666666666667,0,1,0.708333333333333,0,1,0.5625,0,1,0.5625,0,1,713.317291665589,654.106666644414,680.475833360106,754.688333322216,708.996249964305,674.412083365799,845.022187495488,764.291875020717,782.328000043829,665.808999957517,747.251785742784,732.532647054862,808.494999971507,816.170555539429,882.117142867563,0,0,0,0,"Female",38,"White - not of Hispanic Origin","cthtqa"
"A15993PQ9RNAS2",0.666666666666667,0.166666666666667,1,NA,NA,NA,0.5,0.0625,0.9375,NA,NA,NA,519.714583334159,490.072916665667,522.142500003004,NA,NA,NA,721.947666665074,636.846249997689,716.574687498905,535.098750000543,488.94625000139,NA,NA,734.762999997475,709.132333332673,0,1,0,1,"Female",32,"White - not of Hispanic Origin","efnrcx"
"A17OSPGV41FZ7P",0.875,0,1,0.375,0,1,0.333333333333333,0,0.9375,0.512820512820513,0,0.975,715.583333333333,573.5,616.833333333333,759.333333333333,657.5,664.666666666667,856.666666666667,659.8125,787.5,723.809523809524,658,764.666666666667,756.133333333333,936.1,816.95,0,0,0,0,"Female",33,"White - not of Hispanic Origin","hmnbnu"
"A1B1Y6OBCA7XTZ",0.5,0,0.916666666666667,0.375,0,0.916666666666667,0.433333333333333,0.0625,1,0.434210526315789,0.025,0.948717948717949,887.79636365044,807.953333326926,844.119166664313,825.590833327927,703.428333324458,769.750833336729,1221.78833332534,953.178125018894,930.052333332909,878.369090930474,897.223636370405,797.083333328677,842.695333327477,1139.57230768238,1284.65941175818,0,0,0,0,"Male",21,"White - not of Hispanic Origin","ripuhr"
"A1BBUPIQRHVQN4",0.375,0.0833333333333333,0.636363636363636,0.5,0.166666666666667,0.666666666666667,0.375,0.125,0.733333333333333,0.4125,0.125,0.684210526315789,678.643958332638,636.867916666233,654.345454544289,649.022291667279,577.159166665903,673.55041666633,718.878281250227,647.57468750031,725.566000000981,682.993888888127,676.033999999345,677.877500000856,620.167083333702,766.729166666361,690.167750000546,0,0,0,0,"Female",63,"Black - not of Hispanic Origin","qrawek"
"A1C41388918W2J",0.625,0.166666666666667,1,0.5,0.166666666666667,0.909090909090909,0.580645161290323,0.1875,0.75,0.569620253164557,0.175,0.871794871794872,783.446875003089,626.38666666074,691.070833311339,693.39104166041,719.578333296037,704.271818183109,803.022741933443,679.175312507141,736.773750002612,728.969666664489,874.24222223409,710.130000001906,676.652083318913,812.699999996564,789.623461538353,0,0,0,0,"Male",53,"White - not of Hispanic Origin","zgtxcj"
"A1DMTTZDZD77MT",0.782608695652174,0.181818181818182,0.916666666666667,0.916666666666667,0.333333333333333,0.916666666666667,0.78125,0,1,0.822784810126582,0.157894736842105,0.95,570.532826087045,587.013636363157,568.751249999877,543.276458333518,514.027083333531,557.475416666421,716.662500000098,685.275333333508,658.927187500012,547.514444444662,653.398999999626,546.962954545465,502.725000002101,683.789000000252,834.067857142405,0,0,0,0,"Female",21,"Black - not of Hispanic Origin","ekdwsp"
"A1DXSFFL5HZ1NX",0.916666666666667,0.333333333333333,0.833333333333333,NA,NA,NA,0.451612903225806,0.357142857142857,0.75,NA,NA,NA,464.33645833334,435.935416666932,452.172916666316,NA,NA,NA,624.014677419367,570.302142857534,538.785624999946,464.922727272757,457.88749999975,NA,NA,639.890357142966,610.940588235227,0,1,0,1,"Male",43,"White - not of Hispanic Origin","szofyn"
"A1E3Y8DJR2EQOC",0.478260869565217,0,0.666666666666667,0.416666666666667,0,0.916666666666667,0.354838709677419,0.125,0.875,0.41025641025641,0.05,0.825,575.239782603761,558.347499992427,538.970416668841,594.729375006864,552.156250007101,586.16500000547,575.789032259866,561.763124995196,594.696562500758,598.6495454457,553.780833331984,587.413000006927,599.955357149676,567.149545457637,580.540750001092,0,0,0,0,"Male",37,"Asian","vmipyf"
"A1G2FLOKDFMZO8",1,0.333333333333333,1,0.458333333333333,0.166666666666667,0.833333333333333,0.53125,0.0625,1,0.65,0.175,0.948717948717949,597.832708333421,508.943750000224,512.414583333331,639.563333333398,589.150000000244,689.338749999781,747.974531250065,682.234062500129,710.067666666995,597.832708333421,NA,670.579545454528,613.31884615398,732.994411764594,764.952000000267,0,0,0,0,"Female",27,"Black - not of Hispanic Origin","ukfvyd"
"A1GKD3NG1NNHRP",0.227272727272727,0,0.833333333333333,0.75,0,0.916666666666667,0.533333333333333,0.0666666666666667,0.9375,0.513157894736842,0.0263157894736842,0.9,908.600454545442,695.542272726016,793.466250001074,1098.80041666687,847.852499999742,869.816249999834,1000.42783333338,891.507333332265,900.858437500119,855.836000001001,924.119411764395,1026.88722222269,1314.5399999994,917.640937500438,1095.04142857103,0,0,0,0,"Female",59,"White - not of Hispanic Origin","lxrgpn"
"A1H0HJE05U1WJZ",0.875,0.0833333333333333,0.75,0.727272727272727,0.333333333333333,0.75,0.733333333333333,0.125,0.875,0.776315789473684,0.175,0.8,577.841041638749,560.26916661843,577.336249950652,727.615909058262,726.512916735373,712.936666658303,850.599833345041,753.637812507805,723.76031249587,534.973809495568,877.91166664101,729.204999966896,723.378333301904,855.928409093229,835.946250037523,0,0,0,0,"Male",55,"White - not of Hispanic Origin","dhefai"
"A1OR82RF1ZFWP",0.375,0.166666666666667,0.833333333333333,0.416666666666667,0.166666666666667,0.833333333333333,0.53125,0.125,0.933333333333333,0.45,0.15,0.871794871794872,625.012916658306,580.917083309032,618.060000007972,639.786666656922,637.943333325287,665.410000015981,673.906406278547,667.916250051348,673.349666626503,618.959999953707,628.644666681066,672.042999998666,616.746428555676,688.826764728326,656.996666702131,0,0,0,0,"Female",69,"White - not of Hispanic Origin","russnv"
"A1QXUAY8OB3CSW",0.625,0.166666666666667,0.833333333333333,0.434782608695652,0,0.916666666666667,0.366666666666667,0,1,0.467532467532468,0.05,0.923076923076923,821.3045833254,693.234583324132,752.681250009725,764.051304350647,668.711666662906,741.22666666517,1021.33033332648,785.446874997433,899.170666665304,842.221666659073,786.442777769278,704.622000007657,809.766153845256,1017.88227270696,1023.3265789483,0,0,0,0,"Male",20,"White - not of Hispanic Origin","pbqrlh"
"A1SMT4I1ESNON1",0.260869565217391,0,0.75,0.125,0.166666666666667,0.75,0.466666666666667,0,0.875,0.298701298701299,0.05,0.8,513.676739145961,506.099583328857,489.667916709247,511.353958359299,486.524166675129,486.971666648363,617.379000006864,611.123749971739,544.951875053812,562.545000032211,496.429117656696,489.43500003467,514.48523811996,561.238571386119,666.501875050017,0,0,0,0,"Male",48,"White - not of Hispanic Origin","ispmee"
"A1TJ4WI1FUH28Y",0.208333333333333,0,1,0.409090909090909,0.0833333333333333,1,0.433333333333333,0.0625,0.9375,0.355263157894737,0.05,0.975,915.450208354742,761.053750078039,815.546250009598,1046.55113637405,859.779999998864,834.11541666525,1196.22216667049,975.333124966711,1068.49499997043,1039.43099998869,882.823684240544,1176.76888890047,956.400384624991,1328.16846152911,1095.32205883742,0,0,0,0,"Female",69,"White - not of Hispanic Origin","jeareb"
"A1U3I75OPL8UZA",0.521739130434783,0.0833333333333333,0.833333333333333,0.583333333333333,0.166666666666667,0.833333333333333,0.15625,0.0625,0.666666666666667,0.392405063291139,0.1,0.769230769230769,658.474130435064,672.591250000249,639.065833333158,661.255416666942,671.285416666554,706.489166666575,766.465625000024,709.011562500223,771.923333333446,635.800416666977,683.209090909341,662.751071428834,659.161500000293,689.044999999896,780.802777777825,0,0,0,0,"Male",50,"White - not of Hispanic Origin","mmpqjj"
"A1WSCND5HZZV5N",0.75,0,1,0.375,0,0.833333333333333,0.21875,0,0.9375,0.425,0,0.925,638.329583333264,513.025416666399,584.426666667544,849.127291666415,661.758333333031,813.636250000248,787.882812500357,679.734062499619,722.452812500023,623.204166666457,683.705833333685,913.61444444394,810.434999999901,770.59071428708,792.724600000074,0,0,0,0,"Female",48,"White - not of Hispanic Origin","bhnvek"
"A1XOG82RCTNFL7",0.583333333333333,0.0833333333333333,1,0.375,0,1,0.21875,0,0.9375,0.375,0.025,0.975,728.916666666667,710.083333333333,730.416666666667,1127.45833333333,1058.41666666667,1132.5,791.84375,668.625,816.1875,733.5,722.5,1197.33333333333,1085.53333333333,885,765.76,0,0,0,0,"Male",29,"White - not of Hispanic Origin","rinsqc"
"A1YMIA0664RNFF",0,0,0.75,0.173913043478261,0,0.75,0.133333333333333,0,0.9375,0.103896103896104,0,0.825,528.774375000163,538.764999997511,654.859999997522,702.789782608465,634.070833332468,751.980416667114,747.661833333647,658.591875003367,715.523750001012,NA,528.774375000163,823.943749997852,677.283684210699,707.772499994462,753.798653847368,0,0,0,0,"Male",46,"Other (please specify)","nentqm"
"A1ZLMSH2TS8HWH",NA,NA,NA,0.0833333333333333,0,0.636363636363636,0.0645161290322581,0,0.9375,NA,NA,NA,NA,NA,NA,671.120208333984,622.810416668169,683.710909091381,951.086774197099,808.593750005457,922.194687500451,NA,NA,829.312500005472,656.739090909303,1258.47000000067,929.887931038232,1,0,0,1,"Male",65,"White - not of Hispanic Origin","obgxzo"
"A208A2GT4OHJOG",0.708333333333333,0.0833333333333333,1,0.347826086956522,0.166666666666667,0.666666666666667,0.3125,0,0.9375,0.443037974683544,0.075,0.875,527.526666662501,532.28624999853,499.05166666819,628.212826086066,599.890416662675,573.226666655198,613.816875003977,593.428749994928,572.237812495587,496.663235288853,602.480714284216,645.262500001991,619.11966666424,604.045500000939,618.258409096267,0,0,0,0,"Male",54,"White - not of Hispanic Origin","grfruf"
"A22KRF782ELLB0",0.416666666666667,0.0833333333333333,0.833333333333333,0.791666666666667,0.0833333333333333,0.833333333333333,0.5,0,1,0.5625,0.05,0.9,605.791666666667,604.5,622.25,621.5,598.583333333333,628.833333333333,656,627.25,621.25,587.4,618.928571428571,603.578947368421,689.6,657.125,654.875,0,0,0,0,"Male",38,"White - not of Hispanic Origin","ybksjg"
"A25KM5DM1Z09ZN",0.5,0,0.916666666666667,0.272727272727273,0,0.833333333333333,0.375,0,0.8,0.384615384615385,0,0.846153846153846,728.865625016624,552.401666645892,715.136666665785,941.755227278918,776.25374996569,873.56750005468,828.592031233711,679.523750004592,708.002000007157,768.565833335742,689.165416697506,957.959999951224,935.678437526804,917.453749978449,775.274999986869,0,0,0,0,"Female",59,"Asian","ukolld"
"A26VB424KM3RSX",0.75,0,1,0.409090909090909,0,1,0.354838709677419,0,1,0.493506493506494,0,1,722.412708333308,633.859166666526,714.712916666712,803.361818181823,724.104166666699,818.938333333341,808.157419354785,716.132187500024,737.893750000014,716.866666666597,739.050833333439,813.124444444438,796.603076923089,871.219090909106,773.473499999908,0,0,0,0,"Male",29,"White - not of Hispanic Origin","vlonmv"
"A273DS7TQWR9M1",0.875,0,1,0.5,0.0833333333333333,0.916666666666667,0.666666666666667,0,1,0.67948717948718,0.025,0.975,552.652708333346,557.45458333331,540.137916666638,726.234999999936,668.690833333433,678.9741666668,752.300833333295,656.696562499746,627.70875000024,545.644523809594,601.709999999609,725.567499999822,726.902500000051,769.174499999825,718.553500000236,0,0,0,0,"Male",32,"White - not of Hispanic Origin","npgjiv"
"A279HK0GY9PIJ0",0.875,0,1,0.291666666666667,0,0.8,0.354838709677419,0.0625,0.875,0.493670886075949,0.025,0.894736842105263,617.920208333241,562.151666666674,573.734999999336,683.719166666993,664.392083332733,660.376999999417,704.892419355254,662.861250000782,690.285937500448,606.04499999993,701.046666666419,771.182857144092,647.704705882306,700.915000000929,707.080000000133,0,0,0,0,"Female",26,"Black - not of Hispanic Origin","lnzpfk"
"A288RSAGJBLY9",0.739130434782609,0.0833333333333333,1,0.708333333333333,0,1,0.5625,0,1,0.658227848101266,0.025,1,919.347826086957,773,720.666666666667,887.791666666667,711.666666666667,735.5,979,793.6875,768.0625,910.058823529412,945.666666666667,851,977.142857142857,977.444444444444,981,0,0,0,0,"Female",43,"White - not of Hispanic Origin","vfejdt"
"A28RR7H7BMA8IW",0,0,1,0.25,0,0.75,0.32258064516129,0,1,0.20253164556962,0,0.923076923076923,810.811458333774,746.901666666721,653.486818182996,968.451458333827,782.509999998486,871.155416665715,1155.30112903282,870.185312499416,833.897500001513,NA,810.811458333774,1134.62333333397,913.060833333778,1196.10149999935,1135.87238095352,0,0,0,0,"Male",44,"White - not of Hispanic Origin","kiuzbb"
"A28WTW360AS5T2",0.347826086956522,0.0833333333333333,0.833333333333333,0.478260869565217,0.0833333333333333,0.666666666666667,0.533333333333333,0.375,0.666666666666667,0.460526315789474,0.2,0.717948717948718,505.486086956491,526.471666666112,472.660000000057,534.634347825688,528.992916666539,527.105833334038,542.8449999997,516.957187500338,581.103333332188,516.488749998643,499.618000000676,548.560909091479,521.868333332046,525.756874999843,562.374285713823,0,0,0,0,"Female",36,"White - not of Hispanic Origin","khyikh"
"A292NRGUYEDR4C",0.166666666666667,0,0.916666666666667,0.25,0.0833333333333333,0.833333333333333,0.633333333333333,0.0666666666666667,0.9375,0.371794871794872,0.0512820512820513,0.9,578.654214790417,530.14161346383,523.883316289949,538.783332814449,488.874930306871,550.441713853858,544.310024668144,521.006650967824,551.618720819123,665.224964102839,561.340064927932,542.183256794912,537.650024820961,554.357900095555,526.954603475343,0,0,0,0,"Female",57,"White - not of Hispanic Origin","quetfx"
"A2CAMPAA7650H2",0.125,0.0833333333333333,0.833333333333333,0.416666666666667,0,0.833333333333333,0.533333333333333,0,1,0.371794871794872,0.025,0.9,566.386458328149,531.587499950547,535.921249984919,606.886250015426,558.587916680456,587.923333320456,778.414999973029,585.218125008396,657.562812513788,612.313333277901,559.82547619247,596.497000008821,614.307142877286,743.970312483725,817.780357103662,0,0,0,0,"Female",35,"White - not of Hispanic Origin","tbgtrc"
"A2FCQ5K0T1PYHS",0.521739130434783,0.0833333333333333,1,0.708333333333333,0,0.916666666666667,0.709677419354839,0.125,1,0.653846153846154,0.075,0.973684210526316,1074.0228261009,928.330416674726,831.903000012971,1099.13812497204,795.477500010747,890.593749985176,1040.21532257884,841.672187503718,725.28718750982,983.315416699042,1172.9763636302,1094.55970585045,1110.25714283876,989.682727271098,1163.7394444422,0,0,0,0,"Male",23,"White - not of Hispanic Origin","rzwmms"
"A2G4PA35IX5RIA",0.708333333333333,0.25,0.916666666666667,0.666666666666667,0.166666666666667,0.833333333333333,0.4375,0.125,0.9375,0.5875,0.175,0.9,608.5,636.083333333333,608,588.708333333333,564.25,588.916666666667,642.8125,605.8125,626,585.529411764706,664.285714285714,589.1875,587.75,690.928571428571,605.388888888889,0,0,0,0,"Male",31,"White - not of Hispanic Origin","xkpvyb"
"A2GTBBZA2M82NR",0.666666666666667,0,1,0.625,0,1,0.645161290322581,0,1,0.645569620253165,0,1,747.666666666667,659.916666666667,605.833333333333,825.5,758.5,780.833333333333,766.870967741935,706.0625,665.3125,719.4375,804.125,842.866666666667,796.555555555556,727.25,838.909090909091,0,0,0,0,"Male",37,"White - not of Hispanic Origin","azylxk"
"A2HG1N3BVQO6I",0.791666666666667,0,0.916666666666667,0.652173913043478,0,1,0.46875,0,0.9375,0.620253164556962,0,0.95,772.673541666638,695.385833333296,706.278333333254,690.844130434688,646.856666666887,642.516666666626,864.38437499993,754.884687499612,695.635624999682,743.691842105123,882.804000000393,659.846666666636,748.964374999785,857.748666666522,870.239411764701,0,0,0,0,"Female",58,"White - not of Hispanic Origin","mzdbxn"
"A2I988BSR2YYU3",0.217391304347826,0,0.833333333333333,0.478260869565217,0.0833333333333333,0.916666666666667,0.233333333333333,0,1,0.302631578947368,0.0256410256410256,0.923076923076923,865.024782608791,715.411818181975,715.256666666691,1098.42369565202,902.537083333157,1034.51541666648,989.318833333282,733.249687500012,978.752333333135,871.682000000132,863.175555555641,1226.0331818179,981.4483333333,1170.44785714279,934.192608695606,0,0,0,0,"Female",63,"White - not of Hispanic Origin","kanhck"
"A2JK9URISOXMBQ",0.166666666666667,0.0833333333333333,0.916666666666667,0.333333333333333,0,0.916666666666667,0.28125,0,0.875,0.2625,0.025,0.9,955.541666666667,740.916666666667,970.583333333333,1315.16666666667,926.666666666667,1076.33333333333,1294.5625,1027.375,999.6875,909,964.85,1214.5,1365.5,1357.11111111111,1270.08695652174,0,0,0,0,"Male",57,"White - not of Hispanic Origin","onbdvm"
"A2JXVOTECPMRAJ",0.791666666666667,0,0.916666666666667,0.333333333333333,0,0.75,0.5,0,0.9375,0.538461538461538,0,0.875,698.508333333335,553.78333333333,589.766666666666,809.929166666668,725.708333333336,729.449999999997,855.416666666666,794.181250000001,743.943750000001,723.194736842106,604.700000000006,766.412499999999,831.687500000004,815.993333333334,894.839999999998,0,0,0,0,"Female",48,"Black - not of Hispanic Origin","foifna"
"A2LJ5WDE55Z4MT",NA,NA,NA,0.666666666666667,0.0833333333333333,0.916666666666667,0.40625,0,0.933333333333333,NA,NA,NA,NA,NA,NA,686.017708329018,664.25749999083,737.414583335825,849.641249998967,700.754062501801,687.179999988681,NA,NA,646.963749997667,764.125624991721,896.446538466709,817.616578942091,1,0,0,1,"Female",42,"White - not of Hispanic Origin","pflrlx"
"A2M8OP9O3XELKW",0.416666666666667,0,1,0.583333333333333,0,1,0.535714285714286,0,0.9375,0.513157894736842,0,0.975,1056.6375,914.625000000002,932.633333333331,1019.5375,904.933333333334,882.941666666668,1071.14642857143,912.937499999994,911.512499999999,1197.57999999999,955.964285714286,1065.03571428572,955.840000000003,1048.08,1097.76153846154,0,0,0,0,"Female",38,"White - not of Hispanic Origin","kfzcmm"
"A2N9AKAOR17XB3",0.478260869565217,0.0909090909090909,0.636363636363636,0.173913043478261,0,0.916666666666667,0.161290322580645,0,0.933333333333333,0.25974025974026,0.0256410256410256,0.842105263157895,899.137391304501,863.743636362911,850.276363637188,1098.87586956503,994.812499999776,986.171250000553,1040.38935483808,946.582187500098,1080.18800000088,915.714545454565,883.941666666942,1064.44999999985,1106.12342105244,1130.24199999781,1023.10999999967,0,0,0,0,"Male",70,"Hispanic or Latino","zwgnpo"
"A2OSR830K1W0QL",0.75,0,0.833333333333333,0.833333333333333,0,0.833333333333333,0.724137931034483,0,1,0.766233766233766,0,0.897435897435897,761.746250000215,658.265416666533,725.980833334082,743.955208333015,746.275000000424,713.406249999328,814.037413793091,723.610666666355,686.057333333641,738.963333333433,830.095000000558,733.800499999961,794.728749998285,802.699285714057,843.800000000556,0,0,0,0,"Female",29,"White - not of Hispanic Origin","eholny"
"A2P8TVGFD9BBC8",0.541666666666667,0.166666666666667,0.833333333333333,0.666666666666667,0.0833333333333333,0.75,0.32258064516129,0,0.875,0.493670886075949,0.075,0.825,743.083333333333,649.333333333333,690.75,637.75,495.166666666667,591.333333333333,782.064516129032,690.1875,694.0625,790.461538461538,687.090909090909,657.0625,599.125,816.2,765.809523809524,0,0,0,0,"Male",44,"White - not of Hispanic Origin","oeozlu"
"A2PIGYNXTTCFZO",0.590909090909091,0,1,0.458333333333333,0,0.916666666666667,0.40625,0,1,0.474358974358974,0,0.975,1042.30477272726,697.603750000098,858.05541666673,990.684791666732,739.598749999838,836.569583333433,1136.78187499991,909.136999999887,956.062187500035,1032.20692307696,1056.89055555548,947.538636363622,1027.19307692321,1220.69615384596,1079.36684210525,0,0,0,0,"Male",30,"White - not of Hispanic Origin","aasjni"
"A2PXNSTBTS22EY",0.454545454545455,0,0.833333333333333,0.75,0,0.75,0.625,0.0625,1,0.615384615384615,0.025,0.871794871794872,718.657954548359,672.510833333945,635.942916676868,732.032708338617,622.147499991115,722.29374999976,909.221250007249,689.925625010801,758.834666673405,751.146499998868,691.584166672934,675.666388893862,901.131666672882,915.401500003645,898.920833346589,0,0,0,0,"Male",22,"Other (please specify)","rcogdz"
"A2RXPHOE9V9634",0.0833333333333333,0,0.818181818181818,0.208333333333333,0,0.666666666666667,0.533333333333333,0.0666666666666667,0.933333333333333,0.294871794871795,0.0256410256410256,0.815789473684211,728.333333333333,705.416666666667,720.636363636364,700.041666666667,626.833333333333,732.5,912.066666666667,767.066666666667,783.666666666667,769.5,724.590909090909,876.8,653.526315789474,897.5,928.714285714286,0,0,0,0,"Female",70,"Black - not of Hispanic Origin","gzqgkz"
"A2UFHATEG76AO5",0.75,0,0.916666666666667,0.545454545454545,0.0833333333333333,0.833333333333333,0.366666666666667,0,1,0.539473684210526,0.025,0.925,869.333260662836,650.549878627792,670.491614354828,901.104653937164,825.483360171517,814.433390003845,984.763242326791,787.956221795349,770.950038877159,897.399966045514,785.133144514799,923.958433723101,873.68011819404,1056.01798054671,943.51049914684,0,0,0,0,"Female",69,"White - not of Hispanic Origin","bzbhbt"
"A2W5Q0IVJUS7Y6",1,0,1,0.291666666666667,0,0.833333333333333,0.548387096774194,0.125,1,0.607594936708861,0.05,0.95,649.9606250001,623.603749999802,608.086666666774,859.661041666869,753.399583333704,822.156249999811,817.716612903232,708.096562499807,760.477812499972,649.9606250001,NA,936.034285714412,828.213235294351,844.653529411841,785.007499999922,0,0,0,0,"Male",68,"White - not of Hispanic Origin","tvmdkc"
"A2XJ54KDHS1ILK",0.25,0.0833333333333333,0.833333333333333,0.304347826086957,0,0.916666666666667,0.34375,0,0.9375,0.30379746835443,0.025,0.9,712.623750001512,563.772499997867,664.553749999565,848.904999999238,710.95458333366,678.753333333589,873.876874999496,773.265937501492,741.206250001596,699.145833338358,717.11638888923,752.292857143662,891.172812498552,874.962272725745,873.308333333366,0,0,0,0,"Male",38,"White - not of Hispanic Origin","jlqwnz"
"A2XVL0RNQMWI17",0.545454545454545,0.0833333333333333,0.916666666666667,0.5,0,0.916666666666667,0.633333333333333,0,1,0.565789473684211,0.025,0.95,837.135909088168,824.53375000235,784.193749995514,832.546249997297,656.461666663139,839.322500003618,882.287999997303,797.147187488008,753.391249993001,776.013749996006,910.482499998761,776.964166667312,888.128333327283,874.147631574152,896.348636364564,0,0,0,0,"Female",26,"Asian","oaattg"
"A2XVLENAJYX691",0.333333333333333,0,0.833333333333333,0.333333333333333,0,0.916666666666667,0.379310344827586,0,1,0.350649350649351,0,0.925,672.583333333333,613.166666666667,644.166666666667,687.041666666667,616.5,611.083333333333,728.931034482759,613.375,605.8125,734.75,641.5,734.5,663.3125,695.636363636364,749.277777777778,0,0,0,0,"Male",76,"White - not of Hispanic Origin","xohkvb"
"A2Y0WNHMT4PZ4C",0.958333333333333,0,1,0.347826086956522,0,0.833333333333333,0.34375,0.0625,0.857142857142857,0.531645569620253,0.025,0.894736842105263,554.240208322881,484.548750003645,502.892916692266,727.052826085128,610.272500004309,692.341249998814,703.293906233739,611.084374999337,651.657499996613,556.403260860268,504.489999962971,735.799374990165,722.388000002441,745.255909076976,681.313809506329,0,0,0,0,"Male",52,"White - not of Hispanic Origin","liamse"
"A2Y5I2HJTRFR8H",0.541666666666667,0.25,1,0.708333333333333,0.0833333333333333,0.75,0.733333333333333,0,1,0.666666666666667,0.1,0.925,610.967916666664,587.920416666648,587.14458333333,586.870208333353,556.920833333313,522.224583333327,708.553499999996,670.977499999993,597.688125000017,599.797692307704,624.16909090907,591.209705882367,576.331428571463,708.812954545454,707.839999999989,0,0,0,0,"Male",42,"White - not of Hispanic Origin","dokwzx"
"A2ZT5S8DHRK8X9",1,0,0.916666666666667,0.227272727272727,0,0.833333333333333,0.4375,0,1,0.551282051282051,0,0.925,642.791666666667,572.75,734.083333333333,760.227272727273,620.75,751.25,817.75,672.75,698.1875,642.791666666667,NA,886.6,723.058823529412,805.214285714286,827.5,0,0,0,0,"Male",25,"White - not of Hispanic Origin","zwjbgv"
"A2ZZ7GUR0MNWDC",0.25,0.0833333333333333,0.75,0.565217391304348,0,0.818181818181818,0.354838709677419,0,0.9375,0.384615384615385,0.025,0.846153846153846,697.969791668584,630.7074999883,709.96958334581,778.526739121172,672.12625000199,774.137727270665,752.729677414942,720.228437501646,759.295937488787,690.641666684921,700.412499996471,850.903461526076,684.436999994796,767.667727259157,744.513750000624,0,0,0,0,"Female",52,"White - not of Hispanic Origin","seuaqv"
"A30NX5HEQGGFPP",0.958333333333333,0.166666666666667,1,0.416666666666667,0,1,0.481481481481481,0.0625,0.9375,0.613333333333333,0.075,0.975,548.939583332564,584.036666668302,546.454999999696,909.872708332235,718.761249999564,761.395833332548,970.462037035355,675.274999997782,698.404687500442,552.356304347125,470.354999997653,949.503499998537,881.564999999163,964.783846154415,975.734642853371,0,0,0,0,"Male",57,"Asian","zouyrx"
"A321WQIFK10UV3",NA,NA,NA,0.541666666666667,0,0.916666666666667,0.46875,0.0625,0.8125,NA,NA,NA,NA,NA,NA,735.944791672712,728.043749986682,694.277916656574,736.208125006669,630.743125017034,661.422812510864,NA,NA,716.455769232618,758.977272738279,801.848666680356,678.290000000476,1,0,0,1,"Female",67,"White - not of Hispanic Origin","mfgjxo"
"A32W24TWSWXW",0.75,0.0833333333333333,1,NA,NA,NA,0.758620689655172,0,1,NA,NA,NA,1085.29270833242,1027.39708333199,985.887083380173,NA,NA,NA,1132.35017240593,981.711562475539,1028.97433331236,1040.03027781275,1221.07999989142,NA,NA,1117.60431818071,1178.6942856852,0,1,0,1,"Female",49,"White - not of Hispanic Origin","dmnxdu"
"A33DSCVAUOWIQY",0.91304347826087,0,1,0.363636363636364,0,0.916666666666667,0.46875,0,1,0.571428571428571,0,0.974358974358974,826.958260869857,689.781666666022,788.17166666704,767.747727273011,658.594166666565,690.331250000478,887.734062500044,742.115333333155,782.193000000552,827.575238095527,820.480000000316,700.725000001057,806.04642857127,848.950666667224,921.954705881944,0,0,0,0,"Female",30,"White - not of Hispanic Origin","camvij"
"A340UT8QM6525W",NA,NA,NA,0.260869565217391,0.0833333333333333,0.916666666666667,0.25,0,0.75,NA,NA,NA,NA,NA,NA,704.969565217059,560.062083338077,617.722916659356,794.206718765054,708.038437500363,685.888125015481,NA,NA,831.521666666958,660.304117646507,797.441250018892,793.128541680441,1,0,0,1,"Male",29,"White - not of Hispanic Origin","cbxlak"
"A34Y00EAWB242M",0.583333333333333,0,1,0.416666666666667,0,0.833333333333333,0.310344827586207,0.0666666666666667,0.933333333333333,0.428571428571429,0.0256410256410256,0.923076923076923,525.591249999707,509.473333329273,444.5391666668,612.669374997495,561.29708334629,614.296666676334,695.217931036966,561.878000001889,645.287666671599,520.551428577164,532.646999991266,609.897499997169,614.649285712013,685.913333332994,699.405000003753,0,0,0,0,"Female",40,"White - not of Hispanic Origin","biolxj"
"A354Y93R6A188M",0.708333333333333,0.333333333333333,0.75,0.25,0.272727272727273,0.636363636363636,0.53125,0.3125,0.9375,0.5,0.307692307692308,0.794871794871795,513.747291673401,519.035416674645,496.411250011685,630.924583339947,624.843181830577,616.227272728627,619.896093743591,628.478437502054,566.015000003972,513.122647062547,515.264285728335,602.054166665767,640.548055564674,584.473235279267,660.042000003159,0,0,0,0,"Male",25,"White - not of Hispanic Origin","dbcprm"
"A360YPKITDW0PV",0.75,0,0.833333333333333,0.363636363636364,0,0.75,0.5,0.125,0.75,0.539473684210526,0.05,0.775,544.460624999677,533.524999998917,530.211249996986,806.387045456425,751.817083335482,778.615416660614,791.892666663625,677.488124996671,704.184687498127,539.38666666444,559.682500005389,917.558125005598,742.860714285468,832.460666661306,751.324666665945,0,0,0,0,"Male",63,"White - not of Hispanic Origin","jhqavy"
"A36HJXMFZY4RFG",0.291666666666667,0.0833333333333333,1,0.458333333333333,0.166666666666667,0.666666666666667,0.387096774193548,0.0666666666666667,0.9375,0.379746835443038,0.102564102564103,0.875,615.863749998728,562.440416670142,543.697916667346,748.920416668019,660.806666666758,698.865416665892,953.048225806748,707.992333332853,730.754062500637,499.131428570503,663.929999998586,807.69636363733,699.186923078602,1010.57583333507,916.714999999385,0,0,0,0,"Male",36,"White - not of Hispanic Origin","phpnqg"
"A39TKG862PLGK3",0.708333333333333,0.0833333333333333,0.916666666666667,0.458333333333333,0.0909090909090909,0.75,0.354838709677419,0.0666666666666667,0.875,0.493670886075949,0.0789473684210526,0.85,444.458333333333,424.416666666667,424.666666666667,601.541666666667,571.636363636364,581.666666666667,521.677419354839,474.733333333333,552.6875,398.235294117647,556.714285714286,603.818181818182,599.615384615385,554,503.9,0,0,0,0,"Male",25,"White - not of Hispanic Origin","diedqi"
"A39TKU289CXWRN",0.869565217391304,0.0833333333333333,0.916666666666667,0.416666666666667,0.0833333333333333,0.916666666666667,0.21875,0,1,0.468354430379747,0.05,0.948717948717949,660.123043479119,571.929583333258,608.333749999171,762.541250000444,607.476666666723,655.295416667892,744.523906249469,636.202187499293,723.152000000119,665.76025000104,622.541666666317,715.679000000819,796.014285714462,896.852857142221,701.871799999499,0,0,0,0,"Female",48,"White - not of Hispanic Origin","byviyf"
"A3BBGFC0RG39HK",0.958333333333333,0.0833333333333333,0.916666666666667,0.5,0.0833333333333333,0.75,0.40625,0.0625,0.875,0.6,0.075,0.85,537.894166647069,524.779583346875,474.882916683176,700.121250022979,646.105416642967,645.313750040562,610.719531257928,585.703437536722,613.214062468614,533.389999986748,641.489999834448,677.001666723906,723.240833322052,637.072692320754,592.688421057047,0,0,0,0,"Male",28,"Asian","ynkymr"
"A3C2DKCZLI304P",0.347826086956522,0,0.833333333333333,0.75,0.25,1,0.65625,0.125,1,0.594936708860759,0.125,0.95,620.097391307354,538.701666654864,606.848333380185,616.869999998016,537.656666652765,585.451250042145,764.952343735786,635.950625044643,705.808124999749,520.750625000801,673.082333337516,636.449166677064,558.132499960872,749.430476200013,794.584999940442,0,0,0,0,"Female",36,"White - not of Hispanic Origin","mjpfvq"
"A3CENIDTHHT4R8",0.5,0,0.916666666666667,0.458333333333333,0,1,0.266666666666667,0,1,0.397435897435897,0,0.975,898.55354167715,685.049999970943,674.606666638283,774.187083326979,656.861249997746,740.710416663205,995.011000005373,771.702500001993,769.307499977003,849.641250009882,947.465833344419,702.330000000075,834.989230757436,1059.49000001419,971.564090911257,0,0,0,0,"Female",56,"White - not of Hispanic Origin","rlrxxo"
"A3D1KY32KA7US9",0.0833333333333333,0.166666666666667,0.916666666666667,0.291666666666667,0,0.818181818181818,0.451612903225806,0,1,0.291139240506329,0.05,0.923076923076923,749.923958333511,738.306666667692,766.000416667339,743.011041666856,684.081666666619,734.563636363667,893.560483871096,715.188749999925,760.897812499707,663.015000000087,757.824772727459,744.738571427921,742.299705882889,941.531785714168,854.054705882685,0,0,0,0,"Female",25,"Other (please specify)","kmcjqw"
"A3DMZISDAHNJIZ",0.125,0,0.833333333333333,0.0869565217391304,0,0.75,0.32258064516129,0,0.933333333333333,0.192307692307692,0,0.846153846153846,681.0833333487,642.750000057276,665.333333367016,658.869565231726,600.750000002639,649.833333309895,714.096774151849,609.312499975204,666.466666649406,662.333333321537,683.761904781152,634.500000043772,661.190476202007,679.599999962375,730.52380948017,0,0,0,0,"Female",64,"White - not of Hispanic Origin","cbgfdh"
"A3DNZIZRJ847AR",0.875,0.272727272727273,0.75,NA,NA,NA,0.451612903225806,0.25,0.75,NA,NA,NA,862.404999997428,817.156818186049,747.607083331483,NA,NA,NA,1226.47967741913,1146.17375000125,1160.38250000111,842.202619045219,1003.82166666289,NA,NA,1188.63535714107,1257.64558823635,0,1,0,1,"Female",66,"Black - not of Hispanic Origin","phmbzx"
"A3DPBDWP9KEBRE",0.166666666666667,0,0.833333333333333,NA,NA,NA,0.433333333333333,0,0.625,NA,NA,NA,548.255208333298,532.934583333294,553.692916666747,NA,NA,NA,655.375999999981,545.001875,618.454062500035,601.366249999955,537.632999999967,NA,NA,673.952692307699,641.170294117608,0,1,0,1,"Female",65,"White - not of Hispanic Origin","wassjd"
"A3E2WP9UOALEC",0.916666666666667,0.166666666666667,0.916666666666667,NA,NA,NA,0.4375,0.0625,0.875,NA,NA,NA,607.22770833551,568.002083333946,567.342500003482,NA,NA,NA,658.897343746503,631.029687499904,620.35625000135,602.015909093263,664.557500000228,NA,NA,669.884285712864,650.351944439333,0,1,0,1,"Female",61,"White - not of Hispanic Origin","raplcs"
"A3F51C49T9A34D",0.5,0,1,0.652173913043478,0,1,0.5625,0,1,0.569620253164557,0,1,758.201041666628,673.54166666638,664.122500000003,1001.85195652169,879.543750000279,833.7579166673,936.031250000039,767.360312500383,808.520937500356,711.425833333425,804.976249999832,987.443999999959,1028.86687499995,935.743888888988,936.400714285676,0,0,0,0,"Male",53,"White - not of Hispanic Origin","tbqovn"
"A3F9DA5WZKBCIJ",0.347826086956522,0.25,0.727272727272727,NA,NA,NA,0.387096774193548,0.125,0.8125,NA,NA,NA,453.396521741524,495.146666668006,515.258181824306,NA,NA,NA,521.201451603819,501.656562490098,537.491250004678,445.345624997572,457.690333338299,NA,NA,501.112916662047,533.888947356517,0,1,0,1,"Male",58,"White - not of Hispanic Origin","qniusu"
"A3FAQHVPI8OUP0",0.916666666666667,0,1,0.478260869565217,0.0833333333333333,0.833333333333333,0.34375,0,1,0.556962025316456,0.025,0.95,744.125,730.75,651.833333333333,1052.47826086957,1021.08333333333,974.916666666667,987.15625,866.5,857.5625,738.727272727273,803.5,1031.09090909091,1072.08333333333,984.181818181818,988.714285714286,0,0,0,0,"Male",68,"White - not of Hispanic Origin","oqizwe"
"A3FSDH6HUZPNQ8",0.458333333333333,0.0909090909090909,0.833333333333333,0.666666666666667,0.166666666666667,0.916666666666667,0.1875,0,1,0.4125,0.0789473684210526,0.923076923076923,900.041666666667,862.272727272727,911.083333333333,863.125,851.083333333333,824.416666666667,847.75,758.733333333333,843.2,1025.81818181818,793.615384615385,777.5625,1034.25,973.833333333333,818.653846153846,0,0,0,0,"Male",22,"White - not of Hispanic Origin","pvfraj"
"A3FTR5MN7ZLS8M",0.916666666666667,0,1,0.416666666666667,0.0833333333333333,0.727272727272727,0.59375,0.0625,1,0.6375,0.05,0.923076923076923,481.52937500466,401.665416720789,486.662499975258,698.844999977155,641.583333335196,617.188181833957,636.784531277954,571.720624997397,649.5974999998,489.766363636591,390.922500053421,717.140499944799,685.776785714552,657.179473715491,606.976538484629,0,0,0,0,"Female",30,"White - not of Hispanic Origin","egpsye"
"A3GDESDB1DOTLV",0.291666666666667,0.0833333333333333,0.75,0.541666666666667,0,0.833333333333333,0.517241379310345,0,1,0.454545454545455,0.025,0.875,830.943124999976,762.325000003329,626.278333333176,725.442708331078,651.40791666757,633.032916664282,867.944999999901,719.875625000896,807.384999999158,930.611428573944,789.903235293048,695.932692304128,760.318181817473,835.390333332665,902.82500000051,0,0,0,0,"Female",46,"White - not of Hispanic Origin","hqeuxw"
"A3KN6R8PCW31WO",0.130434782608696,0.0833333333333333,0.909090909090909,NA,NA,NA,0.32258064516129,0,0.8,NA,NA,NA,545.264130434193,562.287916664597,571.131818184354,NA,NA,NA,620.071290321873,572.835624996515,630.49666666581,630.745000002207,532.441999998991,NA,NA,637.083999995957,611.970000000881,0,1,0,1,"Female",71,"White - not of Hispanic Origin","aphnhe"
"A3PE584GW0LSZB",0.25,0.0833333333333333,0.75,0.391304347826087,0.166666666666667,0.666666666666667,0.3,0.1875,0.8125,0.311688311688312,0.15,0.75,672.916666666666,648.833333333334,647,627.999999999999,574.250000000003,652.416666666665,670.833333333331,652.4375,659.187500000002,696.166666666667,665.166666666666,655.888888888891,610.071428571427,708.555555555552,654.666666666665,0,0,0,0,"Male",70,"White - not of Hispanic Origin","zardls"
"A3RP4I76FH4Z7D",0.772727272727273,0.0833333333333333,0.833333333333333,NA,NA,NA,0.53125,0,0.9375,NA,NA,NA,622.481590914752,485.548750022038,527.939166660266,NA,NA,NA,934.152968751732,780.778437503613,941.555312499986,610.547647065045,663.057000003755,NA,NA,961.206176455187,903.492666687816,0,1,0,1,"Female",60,"White - not of Hispanic Origin","yrxcau"
"A3SV5X0R9ARFOK",0.125,0,0.833333333333333,0.125,0,0.666666666666667,0.645161290322581,0,0.9375,0.329113924050633,0,0.825,754.496875001375,654.386249997818,737.43333333429,620.879791666084,590.080833330528,714.349166667185,949.120645160644,773.616562500138,817.572187501355,895.499999998719,734.353571430325,916.531666667046,578.64380952309,989.377999999124,875.925454545226,0,0,0,0,"Male",29,"White - not of Hispanic Origin","zuknmk"
"A3UD7T1L80TCR3",0.0416666666666667,0,0.916666666666667,0.318181818181818,0,0.818181818181818,0.0645161290322581,0,1,0.12987012987013,0,0.923076923076923,974.034166664448,776.854166659177,915.996666653276,952.616363644749,712.73499999855,876.261818180369,965.413225807189,773.613125005795,918.812187504954,1121.08000001172,967.640869562392,988.487142861622,935.876666676875,1418.59500002465,934.159310343916,0,0,0,0,"Female",58,"White - not of Hispanic Origin","xdflmd"
"A3UUY2UL6TZ55S",NA,NA,NA,0.214285714285714,0,0.909090909090909,0.21875,0.0625,0.875,NA,NA,NA,NA,NA,NA,768.071428571429,663.5,828.818181818182,850.6875,792.9375,897.0625,NA,NA,834.333333333333,750,995.428571428571,810.16,1,0,0,1,"Male",37,"White - not of Hispanic Origin","eyshcw"
"A3W1M37EJKYIZI",0.157894736842105,0.142857142857143,0.636363636363636,NA,NA,NA,0.620689655172414,0.272727272727273,0.6,NA,NA,NA,459.26315789472,453.999999999979,432.181818181813,NA,NA,NA,443.689655172421,394.000000000066,487.799999999942,536.000000000058,444.874999999969,NA,NA,433.555555555611,460.272727272654,0,1,0,1,"Female",60,"White - not of Hispanic Origin","gqjqpn"
"A598UDLZZZAJ3",0.458333333333333,0.0833333333333333,0.916666666666667,0.380952380952381,0,0.916666666666667,0.53125,0,1,0.467532467532468,0.025,0.95,1186.24479165495,790.817500033881,713.669166667387,1067.14357141893,849.242916679941,861.48458335083,1118.67453120794,863.266249987646,873.67624999024,1195.29681815766,1178.58538461419,1057.29999998584,1073.20115383929,1214.29058819023,1010.30966662802,0,0,0,0,"Female",63,"Black - not of Hispanic Origin","zukfex"
"A5KVTBI8FA961",0.380952380952381,0,0.666666666666667,0.541666666666667,0,0.916666666666667,0.0625,0,0.9375,0.298701298701299,0,0.85,833.130476191097,678.94000000039,729.281249996954,908.60270833097,659.941250004825,840.475833332069,851.225781251742,702.74843750667,829.771875000006,930.186250003317,773.403846152807,847.970384616369,980.25909090277,1254.66750000487,824.3296666682,0,0,0,0,"Male",59,"White - not of Hispanic Origin","wnedeu"
"A68UG55LKRKMS",0.652173913043478,0.3,0.75,0.652173913043478,0.166666666666667,0.833333333333333,0.625,0,0.9375,0.641025641025641,0.131578947368421,0.85,561.347826086957,509.3,601.75,501.913043478261,464.333333333333,529.75,540.40625,461.625,506.375,582.933333333333,520.875,456.266666666667,587.5,547.25,529,0,0,0,0,"Female",59,"White - not of Hispanic Origin","srhwkl"
"A6YDORFZZXXPQ",0.375,0,0.916666666666667,0.166666666666667,0,0.916666666666667,0.419354838709677,0,1,0.329113924050633,0,0.95,972.625,820.5,800.083333333333,822.791666666667,770.666666666667,756.916666666667,1089,872.9375,902.875,1051.44444444444,925.333333333333,873,812.75,1137.69230769231,1053.83333333333,0,0,0,0,"Male",39,"Asian","kdcddq"
"a8owhtbz",0.347826086956522,0.166666666666667,0.833333333333333,0.25,0,0.916666666666667,0.375,0,0.9375,0.329113924050633,0.0512820512820513,0.9,657.995869572598,597.50083333832,575.022083328804,657.812083334041,644.132083335232,649.189999996452,704.851875001623,652.532333333511,661.245937502827,578.074375000142,700.620666677908,710.963333336015,640.09500000005,689.16250000863,714.265499997418,0,0,0,0,"Male",26,"White - not of Hispanic Origin","cutysk"
"ABN9IUIM1YA7Y",0.5,0,0.666666666666667,0.416666666666667,0,0.666666666666667,0.633333333333333,0.2,0.8125,0.525641025641026,0.0769230769230769,0.725,498.243541665943,577.758750001522,494.312499999069,618.184166668774,624.3662500007,596.210000002126,654.25783333291,610.489666664701,647.265625000728,498.374166665599,498.112916666287,653.247499999998,593.138928575042,648.634736842819,663.970454543067,0,0,0,0,"Female",59,"White - not of Hispanic Origin","jzxrcy"
"ABX5OQLR6UNBC",0.833333333333333,0.0833333333333333,1,0.333333333333333,0.0833333333333333,0.833333333333333,0.2,0,0.9375,0.435897435897436,0.05,0.925,807.25999999413,706.79625000533,691.288749988113,870.905625008163,698.733750003157,710.1679166614,893.781333333269,771.049687489722,819.47250000303,768.311499993433,1002.00249999762,814.982500000042,898.867187512224,949.842499986213,879.766041670033,0,0,0,0,"Female",46,"White - not of Hispanic Origin","ojqkxh"
"AC0B0RHJICXU1",0.833333333333333,0,0.818181818181818,0.708333333333333,0,1,0.451612903225806,0.125,1,0.645569620253165,0.05,0.948717948717949,831.333333333333,707.916666666667,766.818181818182,937.375,817.25,897,911.064516129032,760.8125,773.625,800.2,987,932.352941176471,949.571428571429,871.928571428571,943.294117647059,0,0,0,0,"Male",30,"White - not of Hispanic Origin","stgnfs"
"ACJ6NSCIWMUZI",0.583333333333333,0,0.833333333333333,0.478260869565217,0.166666666666667,0.666666666666667,0.741935483870968,0.0625,1,0.615384615384615,0.075,0.85,571,470.583333333333,533.5,616.565217391304,608.333333333333,613.583333333333,688,597.625,626.375,586.214285714286,549.7,641.090909090909,594.083333333333,680.695652173913,709,0,0,0,0,"Male",51,"White - not of Hispanic Origin","wdggwl"
"AEMKB98WAW7YA",0.541666666666667,0.0833333333333333,1,0.416666666666667,0.0833333333333333,0.75,0.28125,0.0625,1,0.4,0.075,0.925,647.209166704366,588.145000045188,582.787083345465,735.697500029346,622.396666673012,705.832916641763,781.37187500397,677.030312537681,694.858437491348,720.461153873027,560.638636414131,749.916999996639,725.540714338422,847.980555560854,755.307608699102,0,0,0,0,"Male",33,"White - not of Hispanic Origin","hfxnqu"
"AGJYT4WO2FOCC",0.0416666666666667,0,0.916666666666667,0.333333333333333,0.0833333333333333,1,0.09375,0,0.6875,0.15,0.025,0.85,712.291666666667,670.583333333333,763,999.666666666667,940.583333333333,980.916666666667,863.71875,726.6875,832.6875,879,705.04347826087,996.5,1001.25,974.666666666667,852.241379310345,0,0,0,0,"Male",33,"White - not of Hispanic Origin","ecihee"
"AH7I3K3OJKA5L",0.714285714285714,0,0.666666666666667,0.695652173913043,0.181818181818182,0.888888888888889,0.75,0.125,0.866666666666667,0.722222222222222,0.105263157894737,0.805555555555556,549.676190476191,546.363636363636,530.458333333336,466.104347826088,433.427272727272,487.122222222222,602.449999999999,542.793749999998,489.313333333334,534.466666666669,587.699999999997,493.350000000001,403.828571428572,548.214285714284,765.157142857144,0,0,0,0,"Female",42,"White - not of Hispanic Origin","dzqucx"
"AHED54NOS25RY",0.583333333333333,0.166666666666667,0.75,0.545454545454545,0.0833333333333333,0.666666666666667,0.548387096774194,0.0625,0.75,0.558441558441558,0.1,0.725,842.357291667819,703.920833332328,880.621249998512,638.855227271217,666.607916664361,594.916666666298,852.115322579911,798.244687500301,802.9984374989,892.703214286095,771.873000002233,733.339583331447,525.47399999894,887.820588233059,808.758928572518,0,0,0,0,"Female",41,"Black - not of Hispanic Origin","bthwoh"
"ahzuz2hk",0.916666666666667,0.333333333333333,1,0.521739130434783,0,0.916666666666667,0.75,0,1,0.734177215189873,0.102564102564103,0.975,548.556666641768,617.884583334671,624.1058333059,860.1236956437,777.804166660644,681.727916681363,884.990781254601,768.517000010858,751.242187499884,539.431136334315,648.937500023749,865.24958332302,854.53181817535,872.754583334123,921.699375016033,0,0,0,0,"Female",23,"Hispanic or Latino","mfkugo"
"AIM6UIPPVF05M",0.833333333333333,0,1,0.739130434782609,0.166666666666667,0.833333333333333,0.65625,0.0625,1,0.734177215189873,0.075,0.95,546.458333332945,576.249999993403,588.666666677454,664.217391294306,616.416666666434,665.083333316337,718.843750011729,600.49999999319,637.624999981199,533.4499999939,611.500000028173,668.058823527056,653.333333301513,742.09523811892,674.454545443454,0,0,0,0,"Male",38,"White - not of Hispanic Origin","hhllnl"
"AIOOOO5OXWXKM",0.5,0,0.916666666666667,0.304347826086957,0.0833333333333333,0.909090909090909,0.451612903225806,0,1,0.423076923076923,0.025,0.948717948717949,839.914999999261,619.459166666881,682.417916672421,779.236304343415,675.132083328208,650.877727285578,817.004032252777,704.189062500518,724.204375004774,938.21416667197,741.615833326553,864.711428568366,741.840937494999,770.230714285779,855.523235284422,0,0,0,0,"Male",30,"Hispanic or Latino","wmgllr"
"AJ4B5W7LPJEQO",0.125,0,0.916666666666667,0.166666666666667,0,0.833333333333333,0.354838709677419,0,1,0.227848101265823,0,0.925,599.074375001995,536.111666660872,658.917916667027,654.371666666217,635.760416667229,653.227499999048,780.55500000013,654.404062501271,707.735625006535,725.909999998597,580.95500000248,779.646249997313,629.316749999998,812.77000000277,762.836749998678,0,0,0,0,"Male",58,"Asian","subpzo"
"AJ86CAZX0QCE9",0.708333333333333,0.166666666666667,0.916666666666667,0.583333333333333,0.0833333333333333,0.833333333333333,0.15625,0,0.9375,0.45,0.075,0.9,728.592708318805,693.702500041885,735.647916638603,709.176458321357,680.402083341808,750.333750019005,836.932343743683,775.259062487748,792.779062510817,695.982058806454,807.789999991655,646.903214261069,796.359000005759,903.939999965951,824.523518517337,0,0,0,0,"Female",42,"Black - not of Hispanic Origin","szhruo"
"AJO13Z6TFG8C8",0.80952380952381,0.25,1,0.333333333333333,0.0833333333333333,0.833333333333333,0.6875,0.0769230769230769,0.875,0.61038961038961,0.135135135135135,0.897435897435897,490.594285719063,569.939583336236,470.989545452705,763.826875001541,749.812916665784,782.446250001765,803.001874998699,820.878846156679,719.762187502056,494.554705887019,473.762500005251,866.491875003703,712.49437500046,774.461818182979,865.789999993285,0,0,0,0,"Male",18,"White - not of Hispanic Origin","yvzbya"
"AL7L4BS9AW3TI",0.541666666666667,0,1,0.25,0,0.833333333333333,0.387096774193548,0,0.9375,0.392405063291139,0,0.925,989.270625000168,726.963333333522,737.582500000062,1055.33020833324,892.578750000211,959.997499999948,1023.37935483868,847.533437500038,893.561874999934,1068.7080769231,895.390000000342,1151.53999999984,1023.26027777771,1075.05541666675,990.741842105164,0,0,0,0,"Female",52,"White - not of Hispanic Origin","mjhceo"
"AL7UTA8J27TFK",0.375,0,0.916666666666667,0.416666666666667,0,0.833333333333333,0.555555555555556,0,0.9375,0.453333333333333,0,0.9,1152.43687499606,803.166666659914,893.585416662973,1277.78458333341,1052.5241666619,1036.45124999457,1083.94888888708,893.980937496963,838.218437500473,1174.16111110813,1139.40233332881,1315.96249999711,1250.51464285934,1095.73366666834,1069.21791666051,0,0,0,0,"Male",64,"White - not of Hispanic Origin","nsicvx"
"ALM8YFO0272UR",0.625,0,0.75,0.458333333333333,0,1,0.65625,0.0625,1,0.5875,0.025,0.921052631578947,657.13687499859,557.402499999929,656.751249999313,694.171875004637,628.06083332786,635.105999995721,704.472499997792,603.765312509495,618.035624996992,610.174333335211,735.407777770888,595.544090907259,777.626153856265,709.917142851433,694.078181822657,0,0,0,0,"Male",22,"White - not of Hispanic Origin","zrmrpt"
"ALQEBL8XKDCWC",0.333333333333333,0,0.916666666666667,0.625,0,1,0.354838709677419,0,1,0.430379746835443,0,0.975,748.708333333333,669.583333333333,740.166666666667,763.208333333333,714.166666666667,817.25,778.193548387097,645.625,695.4375,773.75,736.1875,789.533333333333,719.333333333333,836.272727272727,746.25,0,0,0,0,"Male",21,"Asian","gqkqkt"
"AMA18W8F60Y2J",0.833333333333333,0.25,0.833333333333333,0.565217391304348,0.166666666666667,0.727272727272727,0.709677419354839,0.0625,1,0.705128205128205,0.15,0.871794871794872,539.870833328071,530.725416640053,467.815416671025,622.268260861544,568.643750011688,580.857272736136,611.005483863635,556.583750003483,508.825937489746,523.525999992853,621.595000004163,626.292307691004,617.036999983247,576.954090904275,694.242222208737,0,0,0,0,"Female",51,"White - not of Hispanic Origin","boqrml"
"AMG800JQZGS2E",0.521739130434783,0,0.916666666666667,0.375,0.166666666666667,0.916666666666667,0.233333333333333,0.125,0.8125,0.363636363636364,0.1,0.875,696.702608696954,670.127083314582,649.386249987098,647.045833315739,667.031250011254,604.954166667691,657.671499997378,622.388437492191,674.099687494163,725.997916665316,664.744090913287,686.261111094306,623.516666648599,708.147142847468,642.309347825611,0,0,0,0,"Male",67,"White - not of Hispanic Origin","ggjqhj"
"AMKTU517E8NN",0.791666666666667,0,0.916666666666667,0.75,0,1,0.5625,0,1,0.6875,0,0.975,668.773125003402,633.113749984962,620.748333322505,602.011458337074,506.262083324448,564.952916679128,783.45593749691,675.594333341966,644.012499993551,640.494473682913,776.232000021264,595.7380555596,620.831666669498,767.621388891712,803.814642846452,0,0,0,0,"Female",27,"White - not of Hispanic Origin","llgrib"
"ANKDLLQHHM2OH",0.416666666666667,0,1,0.333333333333333,0,0.916666666666667,0.1875,0,0.9375,0.3,0,0.95,893.778958328767,712.973749982969,689.52125000457,879.801041684308,786.119999994601,804.297083319398,830.688906251453,815.281250012049,800.321250026172,1014.59949997952,807.47857143537,987.2881249903,826.057500031311,928.496666640664,808.117884623173,0,0,0,0,"Female",35,"Black - not of Hispanic Origin","povkpq"
"AOEO9ZV81R0I4",0.523809523809524,0,0.916666666666667,0.75,0,0.916666666666667,0.53125,0.0625,0.9375,0.597402597402597,0.025,0.925,873.714285714286,688.25,787.333333333333,828.583333333333,655.416666666667,753,911.625,761.125,687.125,782.909090909091,973.6,838.388888888889,799.166666666667,951.176470588235,866.8,0,0,0,0,"Male",43,"White - not of Hispanic Origin","olfirh"
"AOOLS8280CL0Z",0.25,0.25,0.8,0.5,0.0833333333333333,0.75,0.451612903225806,0.1875,1,0.40506329113924,0.175,0.868421052631579,594.989999973526,508.164999967751,588.157499977387,589.884583324116,539.521666670529,558.584583341144,579.110806447364,542.96749997593,513.314374955371,616.022499937875,587.979166652076,566.469166680084,613.299999968149,599.655714235269,562.19147062203,0,0,0,0,"Female",67,"White - not of Hispanic Origin","vennut"
"AP9M4LGBH8FYM",0.458333333333333,0.166666666666667,0.833333333333333,NA,NA,NA,0.5,0.1875,0.625,NA,NA,NA,854.175624999091,665.064583338487,720.376666666804,NA,NA,NA,914.117187498959,723.790312500569,645.356250006443,820.131818179189,882.981923077471,NA,NA,914.710625002044,913.523749995875,0,1,0,1,"Female",59,"White - not of Hispanic Origin","htbxnz"
"AR3PU8CUFS7D9",0.0869565217391304,0,0.833333333333333,0.0416666666666667,0.0833333333333333,0.916666666666667,0.366666666666667,0.0625,0.875,0.181818181818182,0.05,0.875,823.11304347873,745.315833327671,789.819166665741,788.463958332917,732.128750008996,742.052916655666,882.931000003979,832.224375000805,787.282500004949,814.352499990491,823.947380953801,785.889999999199,788.575869564818,900.03136364976,873.030789472211,0,0,0,0,"Male",26,"Hispanic or Latino","bcxddx"
"ARI1EMAHUA9PO",0.166666666666667,0,0.75,NA,NA,NA,0.5,0.133333333333333,0.8125,NA,NA,NA,513.461875016219,516.910416656174,569.105833341988,NA,NA,NA,647.830156238342,548.826666673024,600.656250004249,603.527500032214,495.44875001302,NA,NA,626.260312492377,669.399999984307,0,1,0,1,"Male",42,"White - not of Hispanic Origin","axdmex"
"AS9FKVLPA118I",0.333333333333333,0,0.916666666666667,0.454545454545455,0,1,0.25,0,0.9375,0.333333333333333,0,0.95,1261.67041666728,993.996666666741,978.859166668069,1183.51499999963,885.817500001091,1042.37083333282,1311.81703125003,944.616562501324,1100.75781250453,1347.75687500223,1218.62718749981,1295.96799999708,1089.80416666842,1449.81000000189,1265.81937499941,0,0,0,0,"Male",51,"White - not of Hispanic Origin","mjmczg"
"AS9WXP6YBD4SO",0.916666666666667,0.25,1,0.916666666666667,0.166666666666667,1,0.875,0.266666666666667,1,0.9,0.230769230769231,1,795.875,895.333333333333,853.5,817.458333333333,994.666666666667,817.083333333333,911.3125,928.466666666667,838.4375,754.863636363636,1247,811.818181818182,879.5,892.535714285714,1042.75,0,0,0,0,"Female",52,"White - not of Hispanic Origin","wkuptk"
"ASN25PIODXIPJ",0.708333333333333,0,0.75,0.541666666666667,0.0833333333333333,0.916666666666667,0.451612903225806,0,0.9375,0.556962025316456,0.025,0.875,638.456666662629,608.154166664463,645.423333354605,658.193333346086,621.486250010397,635.48708333595,698.795161273841,660.784687490377,718.835937499534,624.94588235174,671.268571417646,652.97692308489,664.358181836591,752.924285687706,654.218235285953,0,0,0,0,"Female",64,"White - not of Hispanic Origin","bbnjsn"
"AT6OT5K5Z4V0J",0.391304347826087,0,0.916666666666667,0.391304347826087,0.0833333333333333,0.75,0.733333333333333,0,1,0.526315789473684,0.025,0.9,649.608695651809,603.416666674699,608.333333332363,721.739130433771,679.583333340512,687.416666682111,790.233333329282,707.249999999476,701.125000003231,665.777777787298,639.214285707567,762.666666666822,695.428571426809,775.272727266631,831.375000001572,0,0,0,0,"Male",59,"White - not of Hispanic Origin","vhlrwj"
"AU0KL60G7FCCK",0.695652173913043,0.166666666666667,1,0.833333333333333,0,1,0.774193548387097,0.0625,0.875,0.769230769230769,0.075,0.948717948717949,735.382173913024,660.847916666853,679.811363636463,735.231249999854,711.999583333328,623.397500000011,740.178387096831,640.544375000105,686.219062500073,682.665624999967,855.877142857153,726.344749999905,779.663749999599,733.086458333408,764.493571428568,0,0,0,0,"Female",53,"White - not of Hispanic Origin","aqqqnk"
"AUKIJNB3H4ULU",0.666666666666667,0,0.916666666666667,NA,NA,NA,0.3,0.0625,0.6875,NA,NA,NA,612.546874999983,507.478333333432,553.769999999987,NA,NA,NA,549.525000000087,535.135937499889,512.917187500023,631.844062499966,573.952500000018,NA,NA,554.579444444649,547.358809523846,0,1,0,1,"Male",55,"White - not of Hispanic Origin","kibhfh"
"AYYSG3O9FNU15",0.375,0,1,0.8125,0,1,0.533333333333333,0,1,0.542857142857143,0,1,797.294375000016,618.616666666338,689.727083333159,799.668437500037,671.019166666452,632.510416666565,850.900833333247,673.491249999981,718.870937499674,713.221111110923,847.738333333472,804.094615384699,780.488333333167,799.754374999897,909.353928571361,0,0,0,0,"Female",33,"Hispanic or Latino","rxglnt"
"AZ8KL6F16ZS7G",0.416666666666667,0,0.916666666666667,0.695652173913043,0,0.833333333333333,0.40625,0,1,0.493670886075949,0,0.925,704.044374998678,558.949583336168,641.570833341878,644.931739127851,578.103750007964,552.972916644649,776.241406249028,573.921562507167,681.452187498507,615.280500007793,767.447142849311,550.565624995215,860.62571428816,815.58423077401,749.32263157404,0,0,0,0,"Female",65,"White - not of Hispanic Origin","lmypft"
"AZU06JG0UX3DO",0.916666666666667,0.166666666666667,1,0.428571428571429,0.181818181818182,0.666666666666667,0.4375,0,0.9375,0.584415584415584,0.105263157894737,0.875,550.615208332905,531.716666665792,583.895000000666,736.607857142926,732.174545454406,688.896666667157,867.529843749935,760.841333333762,706.233125000381,553.005909090478,524.317499999597,719.867222222496,749.163333333248,867.564285713732,867.503055555871,0,0,0,0,"Male",45,"White - not of Hispanic Origin","kgwptl"
"bg0u6d5c",0.0769230769230769,0,1,0.458333333333333,0.0833333333333333,1,0.28125,0,1,0.304347826086957,0.0285714285714286,1,729.962307688906,640.210714282667,770.534999998442,957.555833332056,709.668333329319,927.762083328465,898.460156248802,753.986562500358,927.096000003318,609.020000003511,740.040833329355,1035.82272727296,891.329999997442,1047.6255555566,840.091086954445,0,0,0,0,"Male",28,"Black - not of Hispanic Origin","kjhbmg"
"cd1f0sob",0.956521739130435,0.166666666666667,0.916666666666667,0.541666666666667,0,1,0.387096774193548,0,1,0.602564102564103,0.0512820512820513,0.975,659.286957040951,707.974971254328,752.183344549645,1062.766659431,877.227283413966,888.116679251325,992.09996653767,798.899999720109,759.274970642715,667.595461223216,476.499865031117,1087.29233283928,1033.78177267575,969.98331444598,1006.06837838505,0,0,0,0,"Female",26,"White - not of Hispanic Origin","graomh"
"d4w2xybk",0.347826086956522,0,0.833333333333333,NA,NA,NA,0.225806451612903,0.0625,0.9375,NA,NA,NA,473.04347826087,415,459.5,NA,NA,NA,476.967741935484,443.5625,520.75,526.5,444.533333333333,NA,NA,529.142857142857,461.75,0,1,0,1,"Male",33,"White - not of Hispanic Origin","dvqrzs"
"dqrl19xz",0.181818181818182,0.166666666666667,0.909090909090909,0.166666666666667,0.166666666666667,0.75,0.566666666666667,0.4,0.666666666666667,0.328947368421053,0.256410256410256,0.763157894736842,517.879772719673,528.227916637358,578.300909096883,477.466458333462,512.025416683173,566.97250000434,526.441666662383,494.249000004493,511.719666669766,555.779999995138,509.457499991792,516.781250044005,469.603499991354,568.375588223503,471.605000005533,0,0,0,0,"Female",23,"Black - not of Hispanic Origin","hgpnmd"
"ennmcwtz",0.916666666666667,0,1,0.5,0,0.916666666666667,0.451612903225806,0,1,0.607594936708861,0,0.975,776.550000014443,663.42416665672,657.422083332979,848.896249983227,778.265416690071,781.552083344044,973.770161298284,771.692812500987,779.435625001497,774.935454564084,794.309999968391,864.964583316274,832.827916650179,1001.88785714896,950.614411774201,0,0,0,0,"Female",46,"Black - not of Hispanic Origin","uokokc"
"ewwyuhks",0.166666666666667,0,0.666666666666667,0.291666666666667,0,0.833333333333333,0.3,0,0.75,0.256410256410256,0,0.75,557.608541678443,558.431666645144,574.378749995958,611.736041648934,539.958750023895,552.983750026518,628.720333334059,590.815937503066,628.19624999247,581.236250000075,552.883000014117,655.704285683376,593.631470575929,671.209999993961,610.5104761941,0,0,0,0,"Female",50,"Black - not of Hispanic Origin","lnsyoa"
"f29w7x9p",0.625,0.25,0.75,NA,NA,NA,0.766666666666667,0,0.75,NA,NA,NA,554.164374999952,527.847916665754,569.487500000529,NA,NA,NA,622.42649999971,623.232812499737,656.529687499869,555.015333333237,552.746111111143,NA,NA,628.284565217062,603.178571428414,0,1,0,1,"Female",74,"White - not of Hispanic Origin","vmduba"
"g477f4ya",0.782608695652174,0.0833333333333333,0.833333333333333,0.416666666666667,0,0.666666666666667,0.458333333333333,0.285714285714286,0.833333333333333,0.549295774647887,0.131578947368421,0.777777777777778,907.682391304621,734.825416666657,704.738750000312,1055.76958333328,953.478750000007,970.899166666641,1211.5170833334,1325.78785714343,1209.89625000008,874.884444444938,1025.75499999948,1025.87799999965,1077.12071428588,1195.34136363621,1225.20423076947,0,0,0,0,"Female",62,"White - not of Hispanic Origin","kgssah"
"gunxh6ih",0.541666666666667,0.0833333333333333,0.916666666666667,0.0833333333333333,0.0833333333333333,1,0.161290322580645,0.125,1,0.253164556962025,0.1,0.975,813.374166658226,600.821666652337,655.895833333488,936.177083320217,701.306666693806,761.728333328696,927.138709688499,741.440937490552,785.92187500908,757.848846117178,878.995000024919,1008.63749999553,929.589772713371,1010.91400003061,911.028076930401,0,0,0,0,"Male",49,"White - not of Hispanic Origin","bezjdo"
"hcq8x2sa",0.416666666666667,0,0.75,0.25,0,1,0.193548387096774,0,0.933333333333333,0.278481012658228,0,0.897435897435897,507.980208320078,515.044583318134,496.10916665794,501.925833324397,507.296249988334,511.169583332958,521.360483869249,460.732812505739,532.276666661104,494.920499983709,517.308571417483,502.086666664885,501.872222210901,572.031666621721,509.199400008656,0,0,0,0,"Male",39,"Asian","ynlqzx"
"hq09onmi",0.75,0.166666666666667,0.916666666666667,0.333333333333333,0,0.818181818181818,0.333333333333333,0,0.8125,0.461538461538462,0.05,0.846153846153846,587.469374988965,480.372083344264,510.935416687668,717.158333320791,622.331249993294,590.170454551381,754.232666660876,589.269687472552,808.985624978959,562.272777774423,663.059166632593,834.818124989396,658.328437486489,809.556499996688,726.57074999297,0,0,0,0,"Male",23,"Other (please specify)","mqqlcx"
"i1fjt9vt",0.0416666666666667,0,1,NA,NA,NA,0.225806451612903,0,1,NA,NA,NA,633.936875001382,481.916666663892,524.35250000417,NA,NA,NA,672.785483873374,547.79249999774,620.797499999753,982.43000000366,618.785000001283,NA,NA,661.337142864275,676.124583334361,0,1,0,1,"Female",37,"Hispanic or Latino","byspmj"
"i8mphi07",0.75,0,0.833333333333333,0.666666666666667,0,0.833333333333333,0.6,0,1,0.666666666666667,0,0.9,561.769791568319,552.635833465805,552.517916696767,567.604583338834,515.198749955744,543.059999976928,601.252333354205,522.119687404484,576.00374991307,567.203055394607,545.470000089457,527.865624986589,647.082500043325,605.487500058694,594.899583297471,0,0,0,0,"Female",56,"White - not of Hispanic Origin","vhsqoa"
"i9rn0eqt",0.541666666666667,0,0.833333333333333,0.583333333333333,0,0.916666666666667,0.433333333333333,0,1,0.512820512820513,0,0.925,813.720625058826,746.985416684765,889.799166684194,835.386249993462,699.002916633617,773.068749986123,960.78466665931,748.109687498072,763.174687468563,764.591538490584,871.782272821292,857.156428591614,804.907999956049,965.815384621517,956.937647041152,0,0,0,0,"Female",46,"White - not of Hispanic Origin","jqxvea"
"j1w37qjo",0.0416666666666667,0.0833333333333333,0.916666666666667,0.391304347826087,0,0.833333333333333,0.2,0,1,0.207792207792208,0.025,0.925,754.766874999101,611.993333333279,774.901250001373,980.555434783089,846.906666666352,832.203333333382,852.067666666699,740.394062499036,865.164687500055,962.004999993951,745.756521738456,979.302777777776,981.360714286504,1015.46416666558,811.218541666979,0,0,0,0,"Female",65,"White - not of Hispanic Origin","seaylz"
"jf374oil",0.791666666666667,0,1,0.583333333333333,0,0.909090909090909,0.25,0,0.9375,0.5125,0,0.948717948717949,826.846458330692,786.998333334244,819.917500004522,836.188958334484,783.883333334719,787.579090898031,876.21578125345,830.742187496071,803.449687504326,804.88499999659,910.30000000028,832.986071431411,840.672999998787,873.815625003772,877.015833336676,0,0,0,0,"Male",45,"Hispanic or Latino","kiffny"
"jitjx4rc",0.608695652173913,0.0833333333333333,1,0.391304347826087,0,0.916666666666667,0.46875,0.125,0.875,0.487179487179487,0.075,0.925,538.790869566425,468.795833333085,519.727499999741,558.650869566127,492.70624999978,513.631250000496,606.568593749898,568.289999999251,522.996250000233,536.419285715445,542.480000001281,552.485000000969,562.614642858015,644.518999998885,573.082941177263,0,0,0,0,"Female",49,"Hispanic or Latino","wkwfth"
"jr3ewa6m",0.25,0.166666666666667,0.833333333333333,0.347826086956522,0,0.833333333333333,0.5,0.0625,0.875,0.379746835443038,0.075,0.85,687.961249985771,680.576666675431,709.681666679293,945.472608684845,881.737500002298,900.272916662895,848.591406254855,676.024687498284,740.601874997083,969.239166666134,594.20194442565,927.203750004991,955.215999980767,910.677499989106,786.505312520603,0,0,0,0,"Male",45,"White - not of Hispanic Origin","ssdumj"
"l515zpj2",0.652173913043478,0,1,0.625,0.166666666666667,1,0.709677419354839,0,1,0.666666666666667,0.05,1,959.391304347826,775.75,815.75,1002.75,804.083333333333,882.5,1068.96774193548,906.375,781.875,888.933333333333,1091.5,1008.33333333333,993.444444444444,1049.40909090909,1116.77777777778,0,0,0,0,"Female",63,"White - not of Hispanic Origin","cwsyyq"
"l59w6qrs",0.583333333333333,0.25,0.666666666666667,0.565217391304348,0.25,0.833333333333333,0.631578947368421,0.1875,0.888888888888889,0.590909090909091,0.225,0.787878787878788,619.615416670664,682.393333333797,628.54333332992,697.322608694262,657.765416663703,618.028750000425,640.242631574725,765.046562497446,691.102222229043,607.633214288009,636.390500006382,620.649615383277,796.997499998542,596.871249996184,714.593571423652,0,0,0,0,"Female",62,"Black - not of Hispanic Origin","bmrtzs"
"l9l7js5v",0.565217391304348,0.166666666666667,0.916666666666667,0.625,0.0833333333333333,0.75,0.34375,0.0625,0.875,0.493670886075949,0.1,0.85,563.078478282399,548.58374997275,520.922083349433,575.336041666257,566.828749976897,522.670416646482,573.075937500107,530.174375031493,565.763125006924,586.194230780865,533.028000034392,587.662333343178,554.792222204721,581.745454491201,568.534761933344,0,0,0,0,"Female",56,"White - not of Hispanic Origin","wbbull"
"llx0io50",0.625,0.333333333333333,0.833333333333333,0.565217391304348,0.333333333333333,0.833333333333333,0.645161290322581,0.3125,0.625,0.615384615384615,0.325,0.75,552.498125003088,502.562500002872,515.667916661187,518.736521741274,481.73999999805,499.139999999898,572.224193547417,584.35843749794,615.398750001987,539.376666672373,574.367222220947,452.325000004538,605.07149999903,577.283749998605,563.024999999801,0,0,0,0,"Female",69,"Other (please specify)","iqbxkq"
"m3vuzspz",0.666666666666667,0.166666666666667,0.833333333333333,0.391304347826087,0.25,0.75,0.387096774193548,0.0625,0.933333333333333,0.474358974358974,0.15,0.846153846153846,591,549.75,513.416666666667,618.260869565217,606.833333333333,624.833333333333,535.129032258065,546.5,498.266666666667,593.9375,585.125,517.555555555556,683,512.833333333333,549.210526315789,0,0,0,0,"Male",46,"Asian","eyuizj"
"mcj7z1zh",0.791666666666667,0.0833333333333333,0.833333333333333,0.5,0.363636363636364,0.818181818181818,0.354838709677419,0.0625,1,0.531645569620253,0.153846153846154,0.897435897435897,479.485208331122,486.102083338968,479.347916659511,588.139583344552,588.710454541301,562.278181817171,596.813870967561,557.406875006563,583.770624991303,460.180789468148,552.842000010423,607.470833347179,568.808333341925,603.459999981252,593.158500010031,0,0,0,0,"Male",34,"White - not of Hispanic Origin","uepiym"
"mp7nl179",0.458333333333333,0,0.909090909090909,0.458333333333333,0,0.916666666666667,0.290322580645161,0,0.9375,0.392405063291139,0,0.923076923076923,692.653541647208,587.700416625012,661.825454582206,669.673750002402,573.226250029014,654.77250002247,894.810645172613,701.943437452428,697.862499975599,630.223181818358,745.479230733158,693.30045455982,649.681923069203,837.687222235319,918.179318192415,0,0,0,0,"Female",54,"White - not of Hispanic Origin","wqcfmh"
"ncmx6v3b",0.583333333333333,0,1,0.608695652173913,0,0.833333333333333,0.5625,0,0.933333333333333,0.582278481012658,0,0.923076923076923,917.647708333485,756.629583333355,778.32833333332,1057.68108695639,1050.40916666682,972.496250000252,1075.97734374997,871.461250000149,958.79166666661,877.270357143061,974.176000000079,1095.94321428527,998.162222222568,1074.23138888892,1078.22214285703,0,0,0,0,"Female",60,"White - not of Hispanic Origin","byukkk"
"ni5k3qx3",0,0.0833333333333333,0.916666666666667,0.208333333333333,0,0.75,0.379310344827586,0,1,0.207792207792208,0.025,0.9,540.416666666667,502.833333333333,584.25,629.583333333333,563.5,693.583333333333,820.344827586207,611.3125,766.9375,NA,540.416666666667,662.4,620.947368421053,856.454545454545,798.277777777778,0,0,0,0,"Female",54,"White - not of Hispanic Origin","osdgkn"
"nnt7vpdg",0.416666666666667,0,0.833333333333333,0.304347826086957,0,0.833333333333333,0.133333333333333,0,1,0.272727272727273,0,0.9,858.654166666667,634.958333333333,748.824999999999,938.786956521742,684.750000000005,890.69166666667,853.27,719.993750000002,839.556250000002,822.150000000001,884.728571428572,1058.27142857144,886.512500000001,1011.4,828.942307692308,0,0,0,0,"Male",48,"White - not of Hispanic Origin","ezvjzn"
"nu534q5a",0.652173913043478,0.0833333333333333,0.75,0.652173913043478,0,1,0.516129032258065,0.0625,0.866666666666667,0.597402597402597,0.05,0.871794871794872,609.153695652149,539.280833333272,563.876249999642,558.957608695614,535.327499999616,558.223333333139,541.616935483856,577.256250000119,526.670999999988,594.853999999881,635.965625000154,519.031999999785,633.818125000293,531.003124999756,552.938333333562,0,0,0,0,"Male",45,"White - not of Hispanic Origin","yavwhq"
"nvqejcgg",0.75,0,1,0.416666666666667,0,1,0.258064516129032,0,1,0.455696202531646,0,1,1030.43541669225,829.425416673379,722.136666707229,1201.30041663651,1001.6333333139,1027.04458340304,1170.99709676639,858.185000019148,915.009999996983,921.841388917528,1356.2175000164,1237.06299995538,1175.7557142659,1346.57937500742,1109.9249999869,0,0,0,0,"Female",40,"White - not of Hispanic Origin","hdcfeh"
"o84gb3oj",0.652173913043478,0.166666666666667,0.909090909090909,0.458333333333333,0,0.833333333333333,0.53125,0.0666666666666667,1,0.544303797468354,0.0769230769230769,0.923076923076923,705.27282608703,633.750416666468,602.291818181667,717.088333333396,620.943333333499,642.080833333392,788.296874999954,685.896000000019,661.295937500202,687.00133333344,739.531875000011,722.280000000118,712.695384615401,750.347058823426,831.306666666685,0,0,0,0,"Female",54,"White - not of Hispanic Origin","omrbbk"
"oifg759r",0.75,0,0.916666666666667,0.541666666666667,0.0833333333333333,0.916666666666667,0.516129032258065,0,0.9375,0.594936708860759,0.025,0.925,654.555208333401,628.496249999444,597.258333333533,703.200416666884,695.854166666327,639.887083333323,791.058225806527,696.625937500016,672.828437499788,639.468888889092,699.814166666329,661.131153846395,752.918636363825,768.665000000056,814.94433333343,0,0,0,0,"Male",30,"White - not of Hispanic Origin","xcwupk"
"p9fnaxll",0.652173913043478,0.0833333333333333,0.916666666666667,0.583333333333333,0,0.666666666666667,0.6,0,1,0.61038961038961,0.025,0.875,607.959782606011,565.465000006952,602.821666664871,617.755208331801,537.42041666798,575.029166662716,641.863666664964,568.473124996672,551.93156250607,603.137666662224,617.001250000612,615.396428566393,621.057500003372,621.949166664207,671.7354166661,0,0,0,0,"Male",56,"White - not of Hispanic Origin","mirixl"
"ple5lv7h",0.608695652173913,0,0.75,0.708333333333333,0,0.916666666666667,0.548387096774194,0,1,0.615384615384615,0,0.9,914.943478260868,769.574999999999,768.733333333335,790.224999999999,637.991666666665,661.074999999999,1093.66451612904,783.568749999998,818.018749999998,917.07857142857,911.62222222222,781.564705882352,811.257142857141,1083.3,1106.25,0,0,0,0,"Female",50,"White - not of Hispanic Origin","tomxuc"
"rjph3as6",NA,NA,NA,0.458333333333333,0.166666666666667,0.916666666666667,0.689655172413793,0.1875,1,NA,NA,NA,NA,NA,NA,937.244791667581,805.185416666063,731.875416665692,935.97465517187,906.628437499876,738.555625001027,NA,NA,1022.03863636532,865.496153846414,929.768749999129,949.765555555738,1,0,0,1,"Female",22,"White - not of Hispanic Origin","sjmdxy"
"rwlxdwek",0.375,0.166666666666667,0.666666666666667,0.541666666666667,0.0833333333333333,0.833333333333333,0.3125,0.0666666666666667,0.625,0.4,0.102564102564103,0.7,543.378749998131,541.40250000637,529.422916646581,521.881666650491,540.137083327863,504.128333326662,580.650156240154,505.159333332752,552.522187506838,576.950555537931,523.235666674251,534.866923054394,506.535454536788,604.051999992225,570.012954534667,0,0,0,0,"Female",24,"White - not of Hispanic Origin","rayvct"
"rxk7jaiv",0.5,0.0833333333333333,0.916666666666667,0.652173913043478,0.166666666666667,0.666666666666667,0.333333333333333,0.1875,0.875,0.480519480519481,0.15,0.825,584.819166666724,502.545416666862,650.79458333336,561.66108695652,515.65458333342,465.766666666696,626.704166666723,522.433437500012,621.599687500014,541.690833333407,627.947500000041,537.359999999899,607.225625000183,647.455500000074,616.328500000048,0,0,0,0,"Female",33,"White - not of Hispanic Origin","ylxkbu"
"rymil59e",0.0833333333333333,0,0.916666666666667,0.125,0,1,0.15625,0,0.875,0.125,0,0.925,743.112291668998,659.98500000084,785.850000005061,661.061458332066,641.393333331507,854.563333334226,877.095781252137,778.945624997505,870.188437504112,1156.11749999516,705.566363639346,884.715000012269,629.110952377752,1046.35899999994,845.750740743285,0,0,0,0,"Male",30,"White - not of Hispanic Origin","tyoodh"
"t5inmn2y",0.521739130434783,0,0.666666666666667,0.652173913043478,0.166666666666667,0.818181818181818,0.78125,0.0625,1,0.666666666666667,0.075,0.846153846153846,534.695652173913,599.583333333333,547.583333333333,606.652173913043,542.666666666667,558.727272727273,637.25,658.75,686.625,499.75,572.818181818182,581.466666666667,653.875,633.52,650.571428571429,0,0,0,0,"Female",68,"White - not of Hispanic Origin","gbekql"
"tbrp44ba",0.166666666666667,0,0.916666666666667,0.260869565217391,0.0833333333333333,0.833333333333333,0.40625,0,1,0.291139240506329,0.025,0.923076923076923,644.371666667515,611.369166666918,591.509999998986,847.011739132184,744.844583333664,819.348333334953,823.505312499492,766.276250000374,766.330666664968,629.309999998441,647.38400000133,816.854166669752,857.655588236572,803.933461538691,836.896578946356,0,0,0,0,"Male",34,"White - not of Hispanic Origin","wghfit"
"tfz3r5ab",0.875,0.0833333333333333,1,0.541666666666667,0,0.833333333333333,0.548387096774194,0,1,0.645569620253165,0.025,0.95,815.141249999821,603.396249999302,670.290000000629,1073.57624999895,759.157916665572,880.46541666578,1224.90725806499,882.465000000593,857.053749998159,814.15023809504,822.07833333329,1079.60961538237,1066.44590909127,1209.78558823545,1243.26928571515,0,0,0,0,"Female",37,"White - not of Hispanic Origin","yibytx"
"tludgp3v",0.166666666666667,0.25,0.833333333333333,0.208333333333333,0,1,0.5,0,0.9375,0.3125,0.075,0.925,581.315833342766,444.347083335742,544.063750023876,580.64916668324,504.445416668508,517.433333327062,602.15203124244,581.945937490673,533.041562492144,525.931250012945,592.39275000873,697.32900003437,549.943947380311,573.189374998037,631.114687486843,0,0,0,0,"Female",33,"Black - not of Hispanic Origin","nckosr"
"tq3vw7q9",0.208333333333333,0.0833333333333333,0.916666666666667,0.541666666666667,0.0833333333333333,1,0.0625,0,0.9375,0.25,0.05,0.95,633.465416656691,654.440000012983,629.493333321686,657.742291669517,598.995416677402,623.822916658052,767.509843743028,658.742187508324,824.582499997632,693.341000005603,617.708684196451,640.578076923983,678.027272732421,742.27249994874,769.192333329314,0,0,0,0,"Male",45,"Black - not of Hispanic Origin","zloxhp"
"u0g3j3hb",0.916666666666667,0,1,0.772727272727273,0,0.916666666666667,0.71875,0,1,0.794871794871795,0,0.975,850.118333328282,883.455416711513,710.208333330229,972.183863590048,882.298333318128,881.084166719423,981.862812521285,879.0565624804,842.632812520606,841.31659088995,946.937500149943,967.499999945764,988.108999980614,957.122826108547,1045.08722224273,0,0,0,0,"Female",38,"White - not of Hispanic Origin","vjhawi"
"umwoztk9",0.25,0.166666666666667,1,0.608695652173913,0.0833333333333333,0.916666666666667,0.448275862068966,0,0.875,0.434210526315789,0.075,0.925,614.875,586.333333333333,555.666666666667,661.130434782609,585.5,531.583333333333,627,528.375,622.5,678.666666666667,593.611111111111,683.142857142857,626.888888888889,653.846153846154,605.1875,0,0,0,0,"Female",39,"White - not of Hispanic Origin","lramky"
"uv375wtp",0.636363636363636,0.0909090909090909,0.8,0.608695652173913,0,0.75,0.354838709677419,0,1,0.513157894736842,0.0256410256410256,0.868421052631579,934.200000000022,828.490909089768,979.019999998855,890.42608695783,968.783333334916,938.500000001416,972.074193548085,929.481250000208,949.275000000853,861.207142856853,1061.93750000057,860.471428571535,937.022222225399,995.40909090799,959.240000000136,0,0,0,0,"Male",33,"Hispanic or Latino","xarevm"
"uyp9bpcu",0.608695652173913,0.0833333333333333,1,NA,NA,NA,0.1875,0.0625,0.75,NA,NA,NA,632.521739130435,572.083333333333,670.083333333333,NA,NA,NA,744.46875,653.25,739.25,708.714285714286,514,NA,NA,909.166666666667,706.461538461538,0,1,0,1,"Female",64,"White - not of Hispanic Origin","xtvqrr"
"vgujmtxj",0.458333333333333,0,0.916666666666667,0.416666666666667,0.0833333333333333,0.75,0.71875,0,1,0.55,0.025,0.9,710.333333333333,658.75,665.833333333333,878.458333333333,893.333333333333,798.083333333333,833.4375,709.3125,760.875,682.909090909091,733.538461538462,832,911.642857142857,831.782608695652,837.666666666667,0,0,0,0,"Female",52,"White - not of Hispanic Origin","ylaqwc"
"vwzqtigf",0.739130434782609,0,0.909090909090909,0.434782608695652,0,0.916666666666667,0.483870967741935,0,0.9375,0.545454545454545,0,0.923076923076923,652.347826086957,577.583333333333,579.545454545455,691.565217391304,618.916666666667,715.833333333333,751.645161290323,681.333333333333,696.1875,631.058823529412,712.666666666667,759.5,639.307692307692,811.866666666667,695.1875,0,0,0,0,"Male",33,"White - not of Hispanic Origin","gofwpn"
"w2pgezsu",NA,NA,NA,0.458333333333333,0.0909090909090909,0.916666666666667,0.387096774193548,0,1,NA,NA,NA,NA,NA,NA,779.221249999561,676.256363637301,688.357083333055,735.760322580444,613.127333333735,592.008125000575,NA,NA,771.55499999803,785.708076923933,727.954166666071,740.690526315838,1,0,0,1,"Female",32,"Asian","hmxcal"
"w6stj4g8",0.416666666666667,0,0.75,0.25,0.25,0.833333333333333,0.46875,0.1875,0.6875,0.3875,0.15,0.75,739.350208323837,697.80499994522,622.852500023631,667.858958341336,555.564166706366,695.322916668374,619.375000002037,683.219062513672,644.739375027712,772.191999969073,715.891785720097,676.862500025891,664.857777779818,641.010666654135,600.284705897245,0,0,0,0,"Female",28,"White - not of Hispanic Origin","fjhwyk"
"wuyy757y",0.416666666666667,0,0.916666666666667,0.565217391304348,0,1,0.5,0,1,0.493506493506494,0,0.975,812.700000002224,769.591666665898,790.430833338178,841.023913045596,773.391666671766,802.087500002623,897.133166661176,776.439062497957,747.057812495768,812.216000002809,813.04571428752,837.245769230112,845.935500005726,922.605999997662,871.660333324689,0,0,0,0,"Male",26,"White - not of Hispanic Origin","rhrhag"
"x83du3ie",0.25,0,0.833333333333333,0.166666666666667,0,0.833333333333333,0.5,0,1,0.325,0,0.9,726.995416665886,689.463749999656,755.362916667461,673.139583332765,615.981249999701,665.781666666589,806.569374999981,689.832333332743,720.456562499749,905.162499999278,667.606388888089,874.388750002254,632.889749998867,843.798437497753,769.340312502209,0,0,0,0,"Female",29,"White - not of Hispanic Origin","yhluud"
"x9rdwo93",0.625,0,0.916666666666667,0.565217391304348,0,1,0.53125,0,1,0.569620253164557,0,0.975,848.272291665126,649.952916666128,740.868750000421,691.651086955655,544.264583331824,637.301666665735,864.360624999336,684.000000000196,683.952500000487,859.738999998081,829.1611111102,618.971538460195,786.134499999753,857.274999996983,872.391000002002,0,0,0,0,"Female",37,"White - not of Hispanic Origin","lbxtjl"
"xx5o11rr",0.708333333333333,0.25,0.818181818181818,0.714285714285714,0.0833333333333333,0.909090909090909,0.516129032258065,0.0666666666666667,1,0.631578947368421,0.128205128205128,0.918918918918919,1066.24791666157,1010.48666667096,1049.75818181199,1096.77642856869,1140.05625000573,1051.87181817812,1184.34500000102,1041.2436666588,924.39833333871,998.369705876992,1231.09499999555,1012.36466666063,1307.80583333884,1182.92906249553,1185.8553333402,0,0,0,0,"Male",59,"Black - not of Hispanic Origin","giupkt"
"xxpc3taq",0.875,0.0833333333333333,1,0.304347826086957,0.0833333333333333,0.666666666666667,0.161290322580645,0,1,0.423076923076923,0.05,0.9,569.108958332132,545.137499999934,553.387500000705,580.148260870888,539.903749998606,557.776249998521,652.309354838977,549.130624999179,652.363437501208,569.764285713193,564.521666664708,575.995714287273,581.965000001219,737.517999997363,635.923076923903,0,0,0,0,"Female",51,"White - not of Hispanic Origin","vgwhyt"
"y1v6tsyg",0.25,0,0.916666666666667,0.0434782608695652,0,0.727272727272727,0,0,0.9375,0.0886075949367089,0,0.871794871794872,764.202291630985,595.309583334407,614.227083317625,729.087608714548,621.510000045722,809.22636362216,675.532656227006,548.137187521206,722.611562508973,796.54416666987,753.421666618023,885.220000054687,721.99068183545,NA,675.532656227006,0,0,0,0,"Female",57,"White - not of Hispanic Origin","riofqj"
"yd0034gc",0.833333333333333,0.0833333333333333,1,NA,NA,NA,0.548387096774194,0,0.875,NA,NA,NA,663.016666666668,624.649999999997,644.508333333331,NA,NA,NA,984.31935483871,885.61875,823.850000000001,674.195000000001,607.125,NA,NA,1026.64705882353,932.921428571427,0,1,0,1,"Male",58,"White - not of Hispanic Origin","gkmfvx"
"z4h1pb59",0.590909090909091,0,0.916666666666667,0.458333333333333,0,0.833333333333333,0.375,0,0.9375,0.461538461538462,0,0.9,603.34022727271,589.447916666744,549.840416666673,531.33458333332,507.859166666663,510.245000000054,663.676093750026,530.110312499973,557.579062500053,605.008076923026,600.931111111141,532.492272727269,530.354999999978,686.807500000022,649.797250000028,0,0,0,0,"Female",42,"White - not of Hispanic Origin","geivxc"
"za3yq6ht",0.25,0.0833333333333333,0.833333333333333,0.333333333333333,0.0833333333333333,1,0.32258064516129,0,0.9375,0.30379746835443,0.05,0.925,642.916666666667,554.916666666667,564.583333333333,702.208333333333,588.583333333333,699.916666666667,772.290322580645,616.8125,696.4375,545,675.555555555556,711.375,697.625,787.3,765.142857142857,0,0,0,0,"Female",40,"White - not of Hispanic Origin","cklrwe"
"zbjqb8oe",0.916666666666667,0,0.916666666666667,0.583333333333333,0,0.916666666666667,0.46875,0.0625,0.933333333333333,0.6375,0.025,0.923076923076923,644.846875002258,612.467916667811,665.074166669608,723.178958334756,657.861666664151,692.419583336838,777.291406250697,684.663125000952,776.300666667521,643.267727275749,662.217499993858,751.793214286278,683.119000002626,789.060333334298,766.90705882399,0,0,0,0,"Male",46,"White - not of Hispanic Origin","oxsoqb"
"zxql8zx8",0.0714285714285714,0,0.75,0.5,0,0.833333333333333,NA,NA,NA,NA,NA,NA,612.021071420583,580.794285716755,741.630833334057,809.17583333212,636.206249978083,730.997916660271,NA,NA,NA,664.359999937005,607.994999996243,893.384583323495,724.967083340744,NA,NA,0,0,1,1,"Female",55,"White - not of Hispanic Origin","klgdlz"
"zyij4egh",0.0416666666666667,0,0.833333333333333,0.375,0,0.75,0.09375,0,0.733333333333333,0.1625,0,0.769230769230769,577.708333333333,595.166666666667,670.583333333333,930.708333333333,663.916666666667,842.25,759.625,625,818.6,817,567.304347826087,1081.55555555556,840.2,842,751.103448275862,0,0,0,0,"Female",38,"White - not of Hispanic Origin","umvaug"
