Participant.Public.ID,sur_rate,hap_rate,ang_rate,amb_rate,pos_rate,neg_rate,amw_rate,pow_rate,new_rate,all_amb_rate,all_pos_rate,all_neg_rate,sur_rt,hap_rt,ang_rt,amb_rt,pos_rt,neg_rt,amw_rt,pow_rt,new_rt,sur_neg_rt,sur_pos_rt,amb_neg_rt,amb_pos_rt,amw_neg_rt,amw_pos_rt,face_bad,iaps_bad,word_bad,bad,sex,age,race,Participant.Completion.Code
01uh8i8r,0.291666667,0.083333333,0.75,0.375,0,1,0.53125,0.0625,1,0.4125,0.05,0.925,726.7833333,611.8533333,690.9733333,766.4435417,705.61875,649.315,790.4909375,672.2675,709.290625,678.3964286,746.7073529,718.295,795.3326667,792.8555882,787.811,0,0,0,0,Female,23,Hispanic or Latino,cekhdw
0jepq2m5,0.916666667,0,1,0.333333333,0,0.916666667,0.428571429,0,0.857142857,0.552631579,0,0.921052632,771.1372917,791.87375,678.0008333,1011.977083,914.1258333,941.6404167,1001.542679,868.9365625,985.9942857,754.8111364,950.725,1013.721875,1011.104687,1030.41125,979.89125,0,0,0,0,Female,51,White - not of Hispanic Origin,plngbl
15ansyby,0.583333333,0,0.833333333,0.583333333,0.166666667,0.916666667,0.46875,0,1,0.5375,0.05,0.925,691.6422917,563.7104167,633.5170833,691.1129167,599.8179167,654.935,754.7501562,627.0396875,589.2546875,672.1692857,718.9045,628.7535714,778.416,735.1683333,772.0282353,0,0,0,0,Female,54,White - not of Hispanic Origin,apzawz
16j9g5bb,0.083333333,0.083333333,0.916666667,0.166666667,0,0.833333333,0.548387097,0,1,0.291139241,0.025,0.925,660.0208333,591.9,598.7083333,817.6875,693.675,731.6583333,819.1258065,696.7875,724.875,654.9,660.4863636,806,820.025,799.2588235,843.25,0,0,0,0,Female,34,Asian,ysyknb
1ip3k464,0.666666667,0.083333333,0.833333333,0.666666667,0.083333333,0.916666667,0.322580645,0.125,0.933333333,0.53164557,0.1,0.897435897,820.3427083,712.8116667,733.8741667,855.0095833,742.2408333,748.78625,878.2612903,769.1025,874.7416667,851.290625,758.446875,819.065625,926.8975,930.683,853.2985714,0,0,0,0,Male,35,White - not of Hispanic Origin,izpglr
1krfn3nk,0.625,0.166666667,0.75,0.583333333,0.166666667,0.833333333,0.4375,0.0625,0.8125,0.5375,0.125,0.8,480.006875,476.8579168,505.5833333,473.2172917,444.4016666,468.5770833,546.500625,471.9246876,508.2903125,496.4333333,452.6294444,479.2550001,464.7645001,570.9835715,527.4583333,0,0,0,0,Female,43,White - not of Hispanic Origin,hwsums
1p5enr98,0.5,0.166666667,0.7,0.52173913,0.083333333,0.818181818,0.566666667,0.0625,0.9375,0.532467532,0.1,0.837837838,859.859375,787.1270833,686.791,902.4908696,727.5295833,771.0427273,935.674,776.17,825.315,758.2466667,961.4720833,869.7733333,938.1827273,904.6294118,976.2707692,0,0,0,0,Female,40,Hispanic or Latino,qgjmfh
1t2je5zr,0.217391304,0.090909091,0.909090909,0.125,0,0.833333333,0.166666667,0,0.8125,0.168831169,0.025641026,0.846153846,762.2173913,750.1818182,682.3636364,710.875,740,705.4166667,789.9,647.375,781.9375,913.4,720.2222222,749,705.4285714,796.4,788.6,0,0,0,0,Male,44,White - not of Hispanic Origin,ketezg
27j0t8d4,0.166666667,0,0.75,0.260869565,0.090909091,0.636363636,0.28125,0,1,0.240506329,0.025641026,0.820512821,671.6102083,674.7758333,668.02,807.3476087,742.6827273,900.0190909,875.3440625,722.716875,791.8615625,666.20875,672.6905,868.7575,785.6735294,846.1266667,886.7769565,0,0,0,0,Female,38,White - not of Hispanic Origin,unopyq
2fxiswvf,0.625,0.083333333,0.916666667,0.666666667,0.083333333,0.916666667,0.178571429,0,1,0.473684211,0.051282051,0.948717949,958.4,850.6429167,890.21875,745.4802083,716.86625,813.1079167,1113.421786,892.4243333,947.5483333,876.938,1094.17,764.4578125,707.525,1091.954,1118.088696,0,0,0,0,Female,35,White - not of Hispanic Origin,nhkqcx
2ga95a98,0.869565217,0.333333333,0.916666667,0.875,0.333333333,0.916666667,NA,NA,NA,NA,NA,NA,501.0534783,470.36375,520.2654167,468.5772917,477.5570833,459.5029166,NA,NA,NA,491.91675,561.965,461.5785715,517.5683334,NA,NA,0,0,1,1,Male,31,Asian,myaazl
2i4b7qxt,0.916666667,0.083333333,0.916666667,0.5,0,0.833333333,0.21875,0,1,0.5125,0.025,0.925,526.108125,539.75125,547.9733333,667.484375,620.4658333,604.7441667,581.288125,532.86625,605.175,526.7809091,518.7075,678.0595833,656.9091667,580.7907143,581.4274,0,0,0,0,Male,53,White - not of Hispanic Origin,srshwn
2j5sot2h,0.375,0,0.916666667,0.458333333,0,0.916666667,0.344827586,0,1,0.38961039,0,0.95,923.49125,754.5279165,886.0833334,821.4266667,803.8920833,861.5441667,952.1294827,791.7996875,871.1753125,933.1911112,917.6713333,908.1790909,748.0207692,1019.313,916.7697369,0,0,0,0,Female,69,White - not of Hispanic Origin,shqemc
3c5he0pd,0.565217391,0,0.916666667,0.333333333,0,0.916666667,0.35483871,0,0.9375,0.41025641,0,0.925,884.078913,742.56625,643.02125,758.243125,718.9066667,676.2504167,876.8067742,726.3775,801.5409375,835.1719231,947.658,673.023125,800.853125,962.6709091,829.5815,0,0,0,0,Male,51,White - not of Hispanic Origin,zugwbc
3e1djr75,0.916666667,0,1,0.375,0,0.916666667,0.28125,0,1,0.5,0,0.975,736.2597917,698.9816666,733.71375,916.5189583,718.1766667,788.67,834.5875,665.83625,668.563125,729.5902273,809.625,955.8994444,892.8906667,833.8566667,834.8734783,0,0,0,0,Female,33,Asian,oxstuc
460h2czb,0.409090909,0,0.818181818,0.363636364,0,1,NA,NA,NA,NA,NA,NA,916.9402273,867.13,852.9022727,940.0493182,850.2058333,839.7479167,NA,NA,NA,980.7272222,872.78,1004.44375,903.2525,NA,NA,0,0,1,1,Male,31,Asian,oouecv
47htcz04,0.363636364,0,0.666666667,0.55,0,0.909090909,0.315789474,0,1,0.42,0,0.870967742,958.4754545,914.371875,1092.346111,1046.6585,1068.908333,988.255,1083.618947,787.4331818,1004.39,1261.98375,785.0421428,1098.868182,982.8466667,1221.609167,1019.931154,0,0,0,0,Male,76,White - not of Hispanic Origin,szplnl
49zru4xn,0.416666667,0.083333333,0.818181818,0.5,0.083333333,0.727272727,0.59375,0.133333333,0.75,0.5125,0.102564103,0.763157895,561.4108333,507.5891667,521.1572727,745.5704167,630.2529167,694.9272727,507.7046875,535.8003333,546.6075,643.8995,502.4903571,838.2095833,652.93125,515.9952632,495.5876923,0,0,0,0,Female,43,White - not of Hispanic Origin,iuwldg
4nht1c47,0.666666667,0,1,0.636363636,0,0.916666667,0.357142857,0,1,0.540540541,0,0.974358974,874.7114583,723.4133333,751.89,822.6509091,697.28625,807.0366667,1015.127143,776.629375,857.1543333,831.8990625,960.33625,751.3067857,947.503125,1142.2125,944.5241667,0,0,0,0,Male,47,White - not of Hispanic Origin,hoiwpc
4pi628la,0.826086957,0,1,0.545454545,0,0.833333333,0.448275862,0,1,0.594594595,0,0.95,938.7602174,839.5666667,885.6466667,1055.705455,935.9104545,1037.894167,1057.696552,891.845625,957.135,938.4110526,940.41875,1079.648333,1026.974,1042.503077,1070.04125,0,0,0,0,Male,49,White - not of Hispanic Origin,btoeyl
4wgdru3k,0.958333333,0,1,0.666666667,0.083333333,1,0.533333333,0,1,0.705128205,0.025,1,651.2727083,612.80875,606.3941667,832.9475,773.6691667,715.90125,912.6853333,730.7209375,713.1925,655.4115217,556.08,853.2171875,792.408125,927.9615625,895.2267857,0,0,0,0,Male,53,White - not of Hispanic Origin,ewzsxj
4x34616e,0.875,0,1,0.625,0,0.916666667,0.666666667,0.166666667,1,0.717948718,0.057142857,0.974358974,709.5608333,705.3313636,613.6968182,742.5491667,706.3925,669.5875,794.444,707.6175,710.035625,681.6964286,904.6116667,734.364,756.1911111,753.4995,876.333,0,0,0,0,Female,30,Hispanic or Latino,qgidor
54w43pb2,0.625,0.166666667,0.916666667,0.666666667,0.25,1,0.583333333,0.125,0.933333333,0.625,0.1875,0.948717949,679.8383333,615.4879167,641.69875,720.196875,682.065,701.6295833,695.2575,650.879375,689.027,672.023,692.8638889,719.0503125,722.49,686.4239286,707.6245,0,0,0,0,Male,21,White - not of Hispanic Origin,poqgac
5oyu3dpk,0.416666667,0.166666667,1,0.625,0,0.916666667,0.40625,0,1,0.475,0.05,0.975,969.7641667,631.7466667,653.21875,867.84125,715.06625,766.0695833,968.8089062,782.511875,774.5809375,976.921,964.6521429,887.1293333,835.6944444,988.2457692,955.51,0,0,0,0,Male,31,White - not of Hispanic Origin,acvhpm
5y72vkhl,0.066666667,0,1,0.217391304,0,0.75,0.071428571,0.0625,1,0.121212121,0.025,0.884615385,617.9083334,589.1345833,632.805,799.4697826,648.8158334,713.31125,859.00875,740.9584375,797.54,606.195,618.745,926.19,764.2697223,984.1400001,849.3832693,0,0,0,0,Male,41,White - not of Hispanic Origin,iissbr
686g1s10,0.681818182,0,0.916666667,0.541666667,0.083333333,0.75,0.612903226,0.1875,0.875,0.61038961,0.1,0.85,536.1363636,501.8333333,553.6666667,556.25,518.8333333,565.9166667,630.7096774,591.5625,553.8125,543.9333333,519.4285714,558.3076923,553.8181818,631.5789474,629.3333333,0,0,0,0,Female,44,White - not of Hispanic Origin,mwrnfb
6j6injox,0.583333333,0.083333333,0.833333333,0.583333333,0,0.833333333,0.548387097,0,1,0.569620253,0.025,0.9,656.8241667,568.7520833,611.3295833,695.4722917,653.0004167,674.2645833,820.24,693.5796875,671.0325,673.4953571,633.4845,695.6903571,695.167,815.0844118,826.5003572,0,0,0,0,Male,49,White - not of Hispanic Origin,xahrtm
6k4vgpfn,NA,NA,NA,0.5,0.166666667,0.75,0.566666667,0,0.875,NA,NA,NA,NA,NA,NA,800.9545455,684.1666667,790.25,739.3,647.3076923,606.875,NA,NA,833.2727273,768.6363636,640.1176471,869,1,0,0,1,Female,58,White - not of Hispanic Origin,pgdgnz
86gdlm3g,0.708333333,0,1,0.666666667,0,1,0.633333333,0,1,0.666666667,0,1,782.0833333,670.9166667,691.5833333,920.25,750.5,772.5454545,1031.4,878.6875,849.6875,735.7058824,894.7142857,868.8125,1023.125,1008.052632,1071.727273,0,0,0,0,Female,52,White - not of Hispanic Origin,ftdhck
8alowq0r,0.791666667,0,1,0.75,0.083333333,1,0.6875,0,1,0.7375,0.025,1,753.773125,703.68875,710.61625,737.0295833,719.38125,760.3966667,950.744375,844.4040625,839.685625,738.0215789,813.629,705.4786111,831.6825,924.5645455,1008.34,0,0,0,0,Female,61,White - not of Hispanic Origin,mahaag
8j1202i6,NA,NA,NA,0.375,0.083333333,0.666666667,0.387096774,0.125,0.9375,NA,NA,NA,NA,NA,NA,881.0783333,697.3091667,799.925,837.1008065,834.090625,868.340625,NA,NA,932.3822222,850.296,841.01125,834.6310526,1,0,0,1,Male,30,Black - not of Hispanic Origin,yfmhpr
9jluys9h,0.416666667,0.083333333,0.75,0.75,0.083333333,0.916666667,0.290322581,0.125,1,0.46835443,0.1,0.897435897,637.6908333,505.5329167,534.4070833,582.4627083,558.715,535.1741667,697.5498387,586.9221875,606.4846667,646.778,631.2,577.5927778,597.0725,724.9194444,686.3531818,0,0,0,0,Male,48,White - not of Hispanic Origin,fenmxq
A10QB6LE8VC9H8,0.625,0.083333333,0.75,0.434782609,0,0.833333333,0.40625,0.0625,1,0.481012658,0.05,0.875,748.3452083,580.7925,627.2533333,639.8434783,609.8895833,664.795,668.5734375,618.34875,670.6803125,754.8073333,737.575,672.038,615.0784615,692.4842308,652.213421,0,0,0,0,Male,24,White - not of Hispanic Origin,zhdziu
A11ST9LLMHHIF9,0.833333333,0,1,0.291666667,0,0.666666667,0.59375,0.0625,0.9375,0.575,0.025,0.875,614.7916667,552.5,581.8333333,805.5416667,762,805.4166667,765.125,655.75,689.0625,598.5,696.25,812.0000001,802.882353,747.2631579,791.2307692,0,0,0,0,Female,68,White - not of Hispanic Origin,zywnen
A12FTSX85NQ8N9,0.833333333,0.083333333,1,0.333333333,0,0.833333333,0.3125,0,0.9375,0.475,0.025,0.925,888.6685417,756.4779167,756.525,948.8245833,821.41,860.5204167,991.7439063,928.9346875,963.7671875,881.447,924.77625,1018.425625,914.0240625,957.975,1007.093409,0,0,0,0,Male,27,White - not of Hispanic Origin,nqcrcb
A12TZ1W76AGOF9,0.416666667,0,1,0.708333333,0,1,0.5625,0,1,0.5625,0,1,713.3172917,654.1066666,680.4758334,754.6883333,708.99625,674.4120834,845.0221875,764.291875,819.0796875,665.809,747.2517857,732.5326471,808.495,816.1705555,882.1171429,0,0,0,0,Female,38,White - not of Hispanic Origin,cthtqa
A15993PQ9RNAS2,0.666666667,0.166666667,1,NA,NA,NA,0.53125,0.0625,0.9375,NA,NA,NA,519.7145833,490.0729167,522.1425,NA,NA,NA,757.2725,636.84625,716.5746875,535.09875,488.94625,NA,NA,799.7491176,709.1323333,0,1,0,1,Female,32,White - not of Hispanic Origin,efnrcx
A17OSPGV41FZ7P,0.875,0,1,0.375,0,1,0.34375,0,0.9375,0.5125,0,0.975,715.5833333,573.5,616.8333333,759.3333333,657.5,664.6666667,885.875,659.8125,787.5,723.8095238,658,764.6666667,756.1333333,972.5454545,840.4761905,0,0,0,0,Female,33,White - not of Hispanic Origin,hmnbnu
A1B1Y6OBCA7XTZ,0.476190476,0,0.909090909,0.375,0,0.916666667,0.5,0.066666667,1,0.447761194,0.025641026,0.947368421,859.5435714,807.9533333,759.6231818,825.5908333,703.4283333,769.7508333,1087.355909,919.2013334,930.0523333,818.0955,897.2236364,797.0833333,842.6953333,1064.81,1109.901818,0,0,0,0,Male,21,White - not of Hispanic Origin,ripuhr
A1BBUPIQRHVQN4,0.375,0.083333333,0.666666667,0.5,0.166666667,0.666666667,0.375,0.125,0.733333333,0.4125,0.125,0.692307692,678.6439583,636.8679167,700.9983333,649.0222917,577.1591667,673.5504167,718.8782813,647.5746875,725.566,682.9938889,676.034,677.8775,620.1670833,766.7291667,690.16775,0,0,0,0,Female,63,Black - not of Hispanic Origin,qrawek
A1C41388918W2J,0.625,0.166666667,1,0.5,0.166666667,0.916666667,0.59375,0.1875,0.75,0.575,0.175,0.875,783.446875,626.3866667,691.0708333,693.3910417,719.5783333,754.5020833,820.1860937,679.1753125,736.77375,728.9696667,874.2422222,710.13,676.6520833,841.0973684,789.6234615,0,0,0,0,Male,53,White - not of Hispanic Origin,zgtxcj
A1DMTTZDZD77MT,0.791666667,0.166666667,0.916666667,0.916666667,0.333333333,0.916666667,0.78125,0,1,0.825,0.15,0.95,601.1908333,638.3295833,568.75125,543.2764583,514.0270833,557.4754167,716.6625,713.858125,658.9271875,587.4518421,653.399,546.9629545,502.725,683.789,834.0678571,0,0,0,0,Female,21,Black - not of Hispanic Origin,ekdwsp
A1DXSFFL5HZ1NX,0.916666667,0.333333333,0.833333333,NA,NA,NA,0.451612903,0.333333333,0.75,NA,NA,NA,464.3364583,435.9354167,452.1729167,NA,NA,NA,624.0146774,605.8466667,538.785625,464.9227273,457.8875,NA,NA,639.8903571,610.9405882,0,1,0,1,Male,43,White - not of Hispanic Origin,szofyn
A1E3Y8DJR2EQOC,0.458333333,0,0.666666667,0.416666667,0,0.916666667,0.34375,0.125,0.875,0.4,0.05,0.825,587.88375,558.3475,538.9704167,594.729375,552.15625,586.165,586.0929688,561.763125,594.6965625,598.6495454,578.7742308,587.413,599.9553571,567.1495455,596.0157143,0,0,0,0,Male,37,Asian,vmipyf
A1G2FLOKDFMZO8,1,0.333333333,1,0.458333333,0.166666667,0.833333333,0.53125,0.0625,1,0.65,0.175,0.948717949,597.8327083,508.94375,512.4145833,639.5633333,589.15,689.33875,747.9745313,682.2340625,710.0676667,597.8327083,NA,670.5795455,613.3188462,732.9944118,764.952,0,0,0,0,Female,27,Black - not of Hispanic Origin,ukfvyd
A1GKD3NG1NNHRP,0.238095238,0,0.833333333,0.80952381,0,0.916666667,0.576923077,0.071428571,1,0.544117647,0.027027027,0.923076923,879.9254762,695.5422727,793.46625,1025.79,847.8525,869.81625,920.4105769,845.6785714,850.77,855.836,887.4534375,986.2741176,1193.7325,878.912,976.9995455,0,0,0,0,Female,59,White - not of Hispanic Origin,lxrgpn
A1H0HJE05U1WJZ,0.875,0.083333333,0.75,0.695652174,0.333333333,0.75,0.741935484,0.125,0.875,0.769230769,0.175,0.8,577.8410416,560.2691666,577.33625,757.3915217,726.5129167,712.9366667,869.56,753.6378125,723.7603125,534.9738095,877.9116666,729.205,821.8178571,881.2517391,835.94625,0,0,0,0,Male,55,White - not of Hispanic Origin,dhefai
A1OR82RF1ZFWP,0.375,0.166666667,0.833333333,0.416666667,0.166666667,0.833333333,0.53125,0.125,0.9375,0.45,0.15,0.875,625.0129167,580.9170833,618.06,639.7866667,637.9433333,665.41,673.9064063,667.9162501,688.705,618.96,628.6446667,672.043,616.7464286,688.8267647,656.9966667,0,0,0,0,Female,69,White - not of Hispanic Origin,russnv
A1QXUAY8OB3CSW,0.625,0.166666667,0.833333333,0.434782609,0,0.916666667,0.357142857,0,1,0.466666667,0.05,0.923076923,821.3045833,693.2345833,752.68125,764.0513044,668.7116667,741.2266667,986.32875,785.446875,899.1706667,842.2216667,786.4427778,704.622,809.7661538,973.4695,993.4727778,0,0,0,0,Male,20,White - not of Hispanic Origin,pbqrlh
A1SMT4I1ESNON1,0.291666667,0,0.75,0.125,0.166666667,0.75,0.451612903,0,0.875,0.303797468,0.05,0.8,534.098125,506.0995833,489.6679167,511.3539584,486.5241667,486.9716666,634.5567742,611.12375,544.9518751,625.58,496.4291177,489.435,514.4852381,561.2385714,694.9364706,0,0,0,0,Male,48,White - not of Hispanic Origin,ispmee
A1TJ4WI1FUH28Y,0.217391304,0,1,0.4,0.083333333,1,0.32,0.066666667,0.923076923,0.308823529,0.051282051,0.972972973,890.5656522,761.0537501,815.54625,998.0125,859.78,834.1154167,1124.8638,924.102,939.2376923,1039.431,849.2141667,1133.914375,907.41125,1187.64,1095.322059,0,0,0,0,Female,69,White - not of Hispanic Origin,jeareb
A1U3I75OPL8UZA,0.52173913,0.083333333,0.833333333,0.583333333,0.166666667,0.833333333,0.15625,0.0625,0.666666667,0.392405063,0.1,0.769230769,658.4741304,672.59125,639.0658333,661.2554167,671.2854167,706.4891667,766.465625,709.0115625,771.9233333,635.8004167,683.2090909,662.7510714,659.1615,689.045,780.8027778,0,0,0,0,Male,50,White - not of Hispanic Origin,mmpqjj
A1WSCND5HZZV5N,0.75,0,1,0.375,0,0.833333333,0.21875,0,0.9375,0.425,0,0.925,638.3295833,513.0254167,584.4266667,849.1272917,661.7583333,813.63625,787.8828125,679.7340625,722.4528125,623.2041667,683.7058333,913.6144444,810.435,770.5907143,792.7246,0,0,0,0,Female,48,White - not of Hispanic Origin,bhnvek
A1XOG82RCTNFL7,0.583333333,0.083333333,1,0.375,0,1,0.21875,0,0.9375,0.375,0.025,0.974358974,728.9166667,710.0833333,730.4166667,1127.458333,1058.416667,1095.727273,791.84375,668.625,816.1875,733.5,722.5,1197.333333,1085.533333,885,765.76,0,0,0,0,Male,29,White - not of Hispanic Origin,rinsqc
A1YMIA0664RNFF,0,0,0.75,0.166666667,0,0.75,0.161290323,0,0.9375,0.113924051,0,0.825,528.774375,538.765,654.86,732.591875,634.0708333,751.9804167,766.593871,658.591875,715.52375,NA,528.774375,823.94375,714.3215,833.129,753.7986538,0,0,0,0,Male,46,Other (please specify),nentqm
A1ZLMSH2TS8HWH,NA,NA,NA,0.083333333,0,0.636363636,0.064516129,0,0.9375,NA,NA,NA,NA,NA,NA,671.1202083,622.8104167,683.7109091,951.0867742,808.59375,922.1946875,NA,NA,829.3125,656.7390909,1258.47,929.887931,1,0,0,1,Male,65,White - not of Hispanic Origin,obgxzo
A208A2GT4OHJOG,0.708333333,0.083333333,1,0.375,0.166666667,0.666666667,0.3125,0,0.9375,0.45,0.075,0.875,527.5266667,532.28625,499.0516667,644.9354167,599.8904167,573.2266667,613.816875,593.42875,572.2378125,496.6632353,602.4807143,687.9616667,619.1196667,604.0455,618.2584091,0,0,0,0,Male,54,White - not of Hispanic Origin,grfruf
A22KRF782ELLB0,0.416666667,0.083333333,0.833333333,0.791666667,0.083333333,0.833333333,0.5,0,1,0.5625,0.05,0.9,605.7916667,604.5,622.25,621.5,598.5833333,628.8333333,656,627.25,621.25,587.4,618.9285714,603.5789474,689.6,657.125,654.875,0,0,0,0,Male,38,White - not of Hispanic Origin,ybksjg
A25KM5DM1Z09ZN,0.5,0,0.916666667,0.272727273,0,0.833333333,0.375,0,0.8,0.384615385,0,0.846153846,728.865625,552.4016666,715.1366667,941.7552273,776.25375,873.5675001,828.5920312,679.52375,708.002,768.5658333,689.1654167,957.96,935.6784375,917.45375,775.275,0,0,0,0,Female,59,Asian,ukolld
A26VB424KM3RSX,0.75,0,1,0.458333333,0,1,0.34375,0,1,0.5,0,1,722.4127083,633.8591667,714.7129167,842.029375,724.1041667,818.9383333,819.94,716.1321875,737.89375,716.8666667,739.0508333,895.715,796.6030769,871.2190909,793.0795238,0,0,0,0,Male,29,White - not of Hispanic Origin,vlonmv
A273DS7TQWR9M1,0.875,0,1,0.5,0.083333333,0.916666667,0.6875,0,1,0.6875,0.025,0.975,552.6527083,557.4545833,540.1379167,726.235,668.6908333,678.9741667,780.041875,656.6965625,627.70875,545.6445238,601.71,725.5675,726.9025,807.9911364,718.5535,0,0,0,0,Male,32,White - not of Hispanic Origin,npgjiv
A279HK0GY9PIJ0,0.875,0,1,0.291666667,0,0.666666667,0.35483871,0.0625,0.875,0.493670886,0.025,0.85,617.9202083,562.1516667,573.735,683.7191667,664.3920833,739.5145833,704.8924194,662.86125,690.2859375,606.045,701.0466667,771.1828571,647.7047059,700.915,707.08,0,0,0,0,Female,26,Black - not of Hispanic Origin,lnzpfk
A288RSAGJBLY9,0.739130435,0.083333333,1,0.708333333,0,1,0.5625,0,1,0.658227848,0.025,1,919.3478261,773,720.6666667,887.7916667,711.6666667,735.5,979,793.6875,768.0625,910.0588235,945.6666667,851,977.1428571,977.4444444,981,0,0,0,0,Female,43,White - not of Hispanic Origin,vfejdt
A28RR7H7BMA8IW,0,0,1,0.181818182,0,0.75,0.285714286,0,1,0.162162162,0,0.923076923,810.8114583,746.9016667,653.4868182,919.1686364,782.51,871.1554167,1116.284821,870.1853125,833.8975,NA,810.8114583,946.65375,913.0608333,1113.22875,1117.50725,0,0,0,0,Male,44,White - not of Hispanic Origin,kiuzbb
A28WTW360AS5T2,0.347826087,0.083333333,0.833333333,0.458333333,0.083333333,0.666666667,0.533333333,0.375,0.625,0.454545455,0.2,0.7,505.486087,526.4716667,472.66,549.6458333,528.9929167,527.1058333,542.845,516.9571875,619.7959375,516.48875,499.618,548.5609091,550.5638462,525.756875,562.3742857,0,0,0,0,Female,36,White - not of Hispanic Origin,khyikh
A292NRGUYEDR4C,0.166666667,0,0.916666667,0.25,0.083333333,0.833333333,0.65625,0.0625,0.9375,0.3875,0.05,0.9,578.6542148,530.1416135,523.8833163,538.7833328,488.8749303,550.4417139,570.9437768,560.0812395,551.6187208,665.2249641,561.3400649,542.1832568,537.6500248,593.9857247,526.9546035,0,0,0,0,Female,57,White - not of Hispanic Origin,quetfx
A2CAMPAA7650H2,0.125,0.083333333,0.833333333,0.416666667,0,0.833333333,0.53125,0,1,0.375,0.025,0.9,566.3864583,531.5875,535.92125,606.88625,558.5879167,587.9233333,795.3510937,585.218125,657.5628125,612.3133333,559.8254762,596.497,614.3071429,762.1541176,832.9743333,0,0,0,0,Female,35,White - not of Hispanic Origin,tbgtrc
A2FCQ5K0T1PYHS,0.523809524,0,1,0.714285714,0,0.916666667,0.678571429,0.125,1,0.642857143,0.051282051,0.973684211,1024.283333,852.4972727,831.903,1030.425238,795.4775,890.59375,992.6533929,841.6721875,725.2871875,926.8168182,1131.4965,1032.730667,1024.661667,911.6126316,1163.739444,0,0,0,0,Male,23,White - not of Hispanic Origin,rzwmms
A2G4PA35IX5RIA,0.708333333,0.25,0.916666667,0.666666667,0.166666667,0.833333333,0.4375,0.125,0.9375,0.5875,0.175,0.9,608.5,636.0833333,608,588.7083333,564.25,588.9166667,642.8125,605.8125,626,585.5294118,664.2857143,589.1875,587.75,690.9285714,605.3888889,0,0,0,0,Male,31,White - not of Hispanic Origin,xkpvyb
A2GTBBZA2M82NR,0.666666667,0,1,0.625,0,1,0.65625,0,1,0.65,0,1,747.6666667,659.9166667,605.8333333,825.5,758.5,780.8333333,783.28125,706.0625,665.3125,719.4375,804.125,842.8666667,796.5555556,754.1428571,838.9090909,0,0,0,0,Male,37,White - not of Hispanic Origin,azylxk
A2HG1N3BVQO6I,0.791666667,0,0.916666667,0.666666667,0,1,0.46875,0,0.9375,0.625,0,0.95,772.6735417,695.3858333,706.2783333,716.1627083,646.8566667,642.5166667,864.384375,754.8846875,695.635625,743.6918421,882.804,699.761875,748.964375,857.7486667,870.2394118,0,0,0,0,Female,58,White - not of Hispanic Origin,mzdbxn
A2I988BSR2YYU3,0.217391304,0,0.833333333,0.428571429,0.083333333,1,0.214285714,0,1,0.277777778,0.025641026,0.947368421,865.0247826,715.4118182,715.2566667,1054.339524,902.5370833,985.8927273,954.3785714,733.2496875,978.7523333,871.682,863.1755556,1151.527778,981.4483333,1121.06,908.92,0,0,0,0,Female,63,White - not of Hispanic Origin,kanhck
A2JK9URISOXMBQ,0.173913043,0.083333333,0.909090909,0.428571429,0,0.909090909,0.217391304,0,0.866666667,0.25,0.026315789,0.891891892,932.6086957,740.9166667,904.9090909,1058.214286,926.6666667,1030.272727,1149.869565,933.7857143,962.2,909,937.5789474,1068.833333,1050.25,1172,1143.722222,0,0,0,0,Male,57,White - not of Hispanic Origin,onbdvm
A2JXVOTECPMRAJ,0.791666667,0,0.916666667,0.333333333,0,0.75,0.483870968,0,0.9375,0.53164557,0,0.875,698.5083333,553.7833333,589.7666667,809.9291667,725.7083333,729.45,873.7935484,794.18125,743.94375,723.1947368,604.7,766.4125,831.6875,815.9933333,927.98125,0,0,0,0,Female,48,Black - not of Hispanic Origin,foifna
A2LJ5WDE55Z4MT,NA,NA,NA,0.666666667,0.083333333,0.916666667,0.40625,0,0.933333333,NA,NA,NA,NA,NA,NA,686.0177083,664.2575,737.4145833,849.64125,700.7540625,687.18,NA,NA,646.96375,764.125625,896.4465385,817.6165789,1,0,0,1,Female,42,White - not of Hispanic Origin,pflrlx
A2M8OP9O3XELKW,0.391304348,0,1,0.608695652,0,1,0.518518519,0,0.9375,0.506849315,0,0.975,1034.513043,914.625,932.6333333,1000.947826,904.9333333,882.9416667,1056.9,912.9375,911.5125,1156.7,955.9642857,1065.035714,901.2555556,1018.957143,1097.761538,0,0,0,0,Female,38,White - not of Hispanic Origin,kfzcmm
A2N9AKAOR17XB3,0.5,0.090909091,0.636363636,0.181818182,0,0.916666667,0.161290323,0,0.933333333,0.266666667,0.027027027,0.842105263,872.2588636,863.7436364,850.2763636,1081.193409,939.8181818,986.17125,1040.389355,904.5516667,1080.188,915.7145455,828.8031818,1064.45,1084.914167,1130.242,1023.11,0,0,0,0,Male,70,Hispanic or Latino,zwgnpo
A2OSR830K1W0QL,0.75,0,0.833333333,0.833333333,0,0.833333333,0.71875,0,1,0.7625,0,0.9,761.74625,658.2654167,725.9808333,743.9552083,746.275,713.40625,862.205,723.6106667,725.505625,738.9633333,830.095,733.8005,794.72875,848.2171739,897.9516667,0,0,0,0,Female,29,White - not of Hispanic Origin,eholny
A2P8TVGFD9BBC8,0.541666667,0.166666667,0.833333333,0.666666667,0.083333333,0.75,0.34375,0,0.875,0.5,0.075,0.825,743.0833333,649.3333333,690.75,637.75,495.1666667,591.3333333,800.5,690.1875,694.0625,790.4615385,687.0909091,657.0625,599.125,866.7272727,765.8095238,0,0,0,0,Male,44,White - not of Hispanic Origin,oeozlu
A2PIGYNXTTCFZO,0.6,0,1,0.458333333,0,0.916666667,0.37037037,0,1,0.464788732,0,0.974358974,998.10475,697.60375,858.0554167,990.6847917,739.59875,836.5695833,1068.52463,855.4403571,912.967,991.6679167,1007.76,947.5386364,1027.193077,1142.1205,1025.232941,0,0,0,0,Male,30,White - not of Hispanic Origin,aasjni
A2PXNSTBTS22EY,0.454545455,0,0.833333333,0.75,0,0.75,0.625,0.0625,1,0.615384615,0.025,0.871794872,718.6579545,672.5108333,635.9429167,732.0327083,622.1475,722.29375,909.22125,689.925625,758.8346667,751.1465,691.5841667,675.6663889,901.1316667,915.4015,898.9208333,0,0,0,0,Male,22,Other (please specify),rcogdz
A2RXPHOE9V9634,0.083333333,0,0.818181818,0.208333333,0,0.666666667,0.533333333,0.066666667,0.933333333,0.294871795,0.025641026,0.815789474,728.3333333,705.4166667,720.6363636,700.0416667,626.8333333,732.5,912.0666667,767.0666667,783.6666667,769.5,724.5909091,876.8,653.5263158,897.5,928.7142857,0,0,0,0,Female,70,Black - not of Hispanic Origin,gzqgkz
A2UFHATEG76AO5,0.75,0,0.916666667,0.545454545,0.083333333,0.833333333,0.379310345,0,1,0.546666667,0.025,0.925,869.3332607,650.5498786,670.4916144,901.1046539,825.4833602,814.43339,964.5757621,787.9562218,770.9500389,897.399966,785.1331445,923.9584337,873.6801182,1056.017981,908.6944064,0,0,0,0,Female,69,White - not of Hispanic Origin,bzbhbt
A2W5Q0IVJUS7Y6,1,0,1,0.291666667,0,0.833333333,0.548387097,0.125,1,0.607594937,0.05,0.95,649.960625,623.60375,608.0866667,859.6610417,753.3995833,822.15625,817.7166129,708.0965625,760.4778125,649.960625,NA,936.0342857,828.2132353,844.6535294,785.0075,0,0,0,0,Male,68,White - not of Hispanic Origin,tvmdkc
A2XJ54KDHS1ILK,0.25,0.083333333,0.833333333,0.304347826,0,0.916666667,0.34375,0,0.9375,0.303797468,0.025,0.9,712.62375,563.7725,664.55375,848.905,710.9545833,678.7533333,873.876875,773.2659375,741.20625,699.1458333,717.1163889,752.2928571,891.1728125,874.9622727,873.3083333,0,0,0,0,Male,38,White - not of Hispanic Origin,jlqwnz
A2XVL0RNQMWI17,0.545454545,0.083333333,0.916666667,0.5,0,0.916666667,0.633333333,0,1,0.565789474,0.025,0.95,837.1359091,824.53375,784.19375,832.54625,656.4616667,839.3225,882.288,797.1471875,753.39125,776.01375,910.4825,776.9641667,888.1283333,874.1476316,896.3486364,0,0,0,0,Female,26,Asian,oaattg
A2XVLENAJYX691,0.333333333,0,0.833333333,0.333333333,0,0.916666667,0.40625,0,1,0.3625,0,0.925,672.5833333,613.1666667,644.1666667,687.0416667,616.5,611.0833333,781,613.375,605.8125,734.75,641.5,734.5,663.3125,778.3846154,782.7894737,0,0,0,0,Male,76,White - not of Hispanic Origin,xohkvb
A2Y0WNHMT4PZ4C,0.958333333,0,1,0.333333333,0,0.833333333,0.34375,0.0625,0.857142857,0.525,0.025,0.894736842,554.2402083,484.54875,502.8929167,750.2254167,610.2725,692.34125,703.2939062,611.084375,651.6575,556.4032609,504.49,735.799375,757.4384375,745.2559091,681.3138095,0,0,0,0,Male,52,White - not of Hispanic Origin,liamse
A2Y5I2HJTRFR8H,0.541666667,0.25,1,0.708333333,0.083333333,0.75,0.71875,0,1,0.6625,0.1,0.925,610.9679167,587.9204167,587.1445833,586.8702083,556.9208333,522.2245833,730.9854687,670.9775,597.688125,599.7976923,624.1690909,591.2097059,576.3314286,724.5515217,747.4277778,0,0,0,0,Male,42,White - not of Hispanic Origin,dokwzx
A2ZT5S8DHRK8X9,1,0,0.916666667,0.25,0,0.833333333,0.4375,0,1,0.55,0,0.925,642.7916667,572.75,734.0833333,800.4166667,620.75,751.25,817.75,672.75,698.1875,642.7916667,NA,944,752.5555556,805.2142857,827.5,0,0,0,0,Male,25,White - not of Hispanic Origin,zwjbgv
A2ZZ7GUR0MNWDC,0.25,0.083333333,0.75,0.583333333,0,0.833333333,0.34375,0,0.9375,0.3875,0.025,0.85,697.9697917,630.7075,709.9695833,804.6991667,672.12625,810.79125,767.216875,720.2284375,759.2959375,690.6416667,700.4125,890.6007143,684.437,767.6677273,766.9807143,0,0,0,0,Female,52,White - not of Hispanic Origin,seuaqv
A30NX5HEQGGFPP,0.958333333,0.166666667,1,0.434782609,0,1,0.48,0.0625,0.9375,0.625,0.075,0.975,548.9395833,584.0366667,546.455,882.9945652,718.76125,761.3958333,925.0606,675.275,698.4046875,552.3563043,470.355,949.5035,831.8338462,918.4095833,931.2,0,0,0,0,Male,57,Asian,zouyrx
A321WQIFK10UV3,NA,NA,NA,0.541666667,0,0.916666667,0.46875,0.0625,0.8125,NA,NA,NA,NA,NA,NA,735.9447917,728.04375,694.2779167,736.208125,630.743125,661.4228125,NA,NA,716.4557692,758.9772727,801.8486667,678.29,1,0,0,1,Female,67,White - not of Hispanic Origin,mfgjxo
A32W24TWSWXW,0.772727273,0.090909091,1,NA,NA,NA,0.730769231,0,1,NA,NA,NA,1035.616591,981.2031818,985.8870834,NA,NA,NA,1091.633269,942.059,934.3692308,1010.036177,1122.59,NA,NA,1059.558158,1178.694286,0,1,0,1,Female,49,White - not of Hispanic Origin,dmnxdu
A33DSCVAUOWIQY,0.913043478,0,1,0.363636364,0,0.916666667,0.46875,0,1,0.571428571,0,0.975,826.9582609,689.7816667,788.1716667,767.7477273,658.5941667,690.33125,887.7340625,781.753125,817.619375,827.5752381,820.48,700.725,806.0464286,848.9506667,921.9547059,0,0,0,0,Female,30,White - not of Hispanic Origin,camvij
A340UT8QM6525W,NA,NA,NA,0.291666667,0.083333333,0.916666667,0.25,0,0.75,NA,NA,NA,NA,NA,NA,730.6370833,560.0620833,617.7229167,794.2067188,708.0384375,685.888125,NA,NA,901.4457143,660.3041176,797.44125,793.1285417,1,0,0,1,Male,29,White - not of Hispanic Origin,cbxlak
A34Y00EAWB242M,0.583333333,0,1,0.416666667,0,0.833333333,0.333333333,0.066666667,0.933333333,0.435897436,0.025641026,0.923076923,525.59125,509.4733333,444.5391667,612.669375,561.2970833,614.2966667,704.5348333,561.878,645.2876667,520.5514286,532.647,609.8975,614.6492857,714.7945,699.405,0,0,0,0,Female,40,White - not of Hispanic Origin,biolxj
A354Y93R6A188M,0.708333333,0.333333333,0.75,0.25,0.25,0.666666667,0.53125,0.3125,0.9375,0.5,0.3,0.8,513.7472917,519.0354167,496.41125,630.9245833,668.1425,659.1745833,619.8960937,628.4784375,566.015,513.1226471,515.2642857,602.0541667,640.5480556,584.4732353,660.042,0,0,0,0,Male,25,White - not of Hispanic Origin,dbcprm
A360YPKITDW0PV,0.75,0,0.833333333,0.347826087,0,0.75,0.483870968,0.125,0.75,0.525641026,0.05,0.775,544.460625,533.525,530.21125,832.6571739,751.8170833,778.6154167,812.8730645,677.488125,704.1846875,539.3866667,559.6825,917.558125,787.3766667,832.4606667,794.5096875,0,0,0,0,Male,63,White - not of Hispanic Origin,jhqavy
A36HJXMFZY4RFG,0.291666667,0.083333333,1,0.458333333,0.166666667,0.666666667,0.4,0.066666667,0.9375,0.384615385,0.102564103,0.875,615.86375,562.4404167,543.6979167,748.9204167,660.8066667,698.8654167,935.9596667,707.9923333,730.7540625,499.1314286,663.93,807.6963636,699.1869231,1010.575833,886.2155556,0,0,0,0,Male,36,White - not of Hispanic Origin,phpnqg
A39TKG862PLGK3,0.708333333,0.083333333,0.916666667,0.458333333,0.083333333,0.75,0.35483871,0.0625,0.875,0.493670886,0.075,0.85,444.4583333,424.4166667,424.6666667,601.5416667,606.6666667,581.6666667,521.6774194,504.8125,552.6875,398.2352941,556.7142857,603.8181818,599.6153846,554,503.9,0,0,0,0,Male,25,White - not of Hispanic Origin,diedqi
A39TKU289CXWRN,0.875,0.083333333,0.916666667,0.416666667,0.083333333,0.916666667,0.21875,0,1,0.475,0.05,0.95,688.8570833,571.9295833,608.33375,762.54125,607.4766667,655.2954167,744.5239062,636.2021875,754.079375,698.3307143,622.5416667,715.679,796.0142857,896.8528571,701.8718,0,0,0,0,Female,48,White - not of Hispanic Origin,byviyf
A3BBGFC0RG39HK,0.958333333,0.083333333,0.916666667,0.5,0.083333333,0.75,0.40625,0.0625,0.875,0.6,0.075,0.85,537.8941666,524.7795833,474.8829167,700.12125,646.1054166,645.31375,610.7195313,585.7034375,613.2140625,533.39,641.4899998,677.0016667,723.2408333,637.0726923,592.6884211,0,0,0,0,Male,28,Asian,ynkymr
A3C2DKCZLI304P,0.333333333,0,0.833333333,0.75,0.25,1,0.65625,0.125,1,0.5875,0.125,0.95,642.6545833,538.7016667,606.8483334,616.87,537.6566667,585.45125,764.9523437,635.950625,705.808125,520.750625,703.6065625,636.4491667,558.1325,749.4304762,794.5849999,0,0,0,0,Female,36,White - not of Hispanic Origin,mjpfvq
A3CENIDTHHT4R8,0.5,0,0.916666667,0.458333333,0,1,0.275862069,0,1,0.402597403,0,0.975,898.5535417,685.05,674.6066666,774.1870833,656.86125,740.7104167,975.6146552,771.7025,769.3075,849.64125,947.4658333,702.33,834.9892308,1059.49,943.6621429,0,0,0,0,Female,56,White - not of Hispanic Origin,rlrxxo
A3D1KY32KA7US9,0.083333333,0.166666667,0.916666667,0.291666667,0,0.818181818,0.46875,0,1,0.3,0.05,0.923076923,749.9239583,738.3066667,766.0004167,743.0110417,684.0816667,734.5636364,905.2932813,715.18875,760.8978125,663.015,757.8247727,744.7385714,742.2997059,963.3636667,854.0547059,0,0,0,0,Female,25,Other (please specify),kmcjqw
A3DMZISDAHNJIZ,0.125,0,0.833333333,0.083333333,0,0.75,0.322580645,0,0.9375,0.189873418,0,0.85,681.0833333,642.7500001,665.3333334,689.0833333,600.75,649.8333333,714.0967742,609.3125,697.25,662.3333333,683.7619048,634.5,694.0454545,679.6,730.5238095,0,0,0,0,Female,64,White - not of Hispanic Origin,cbgfdh
A3DNZIZRJ847AR,0.869565217,0.272727273,0.75,0.5,0.363636364,1,0.48,0.153846154,0.785714286,0.617647059,0.257142857,0.842105263,832.6054348,817.1568182,747.6070833,952.5705,1000.646364,996.8216667,1153.2992,1046.886538,1112.322857,806.923,1003.821667,967.0575,938.0835,1144.714583,1161.223462,0,0,0,0,Female,66,Black - not of Hispanic Origin,phmbzx
A3DPBDWP9KEBRE,0.166666667,0,0.833333333,NA,NA,NA,0.4375,0,0.625,NA,NA,NA,548.2552083,532.9345833,553.6929167,NA,NA,NA,682.1154687,545.001875,618.4540625,601.36625,537.633,NA,NA,706.1617857,663.4127778,0,1,0,1,Female,65,White - not of Hispanic Origin,wassjd
A3E2WP9UOALEC,0.916666667,0.166666667,0.916666667,NA,NA,NA,0.4375,0.0625,0.875,NA,NA,NA,607.2277083,568.0020833,567.3425,NA,NA,NA,658.8973437,631.0296875,620.35625,602.0159091,664.5575,NA,NA,669.8842857,650.3519444,0,1,0,1,Female,61,White - not of Hispanic Origin,raplcs
A3F51C49T9A34D,0.5,0,1,0.652173913,0,1,0.5625,0,1,0.569620253,0,1,758.2010417,673.5416667,664.1225,1001.851957,879.54375,833.7579167,936.03125,767.3603125,808.5209375,711.4258333,804.97625,987.444,1028.866875,935.7438889,936.4007143,0,0,0,0,Male,53,White - not of Hispanic Origin,tbqovn
A3F9DA5WZKBCIJ,0.347826087,0.25,0.75,NA,NA,NA,0.375,0.125,0.8125,NA,NA,NA,453.3965217,495.1466667,550.75125,NA,NA,NA,534.4153125,501.6565625,537.49125,445.345625,457.6903333,NA,NA,501.1129167,554.39675,0,1,0,1,Male,58,White - not of Hispanic Origin,qniusu
A3FAQHVPI8OUP0,0.916666667,0,1,0.47826087,0.083333333,0.833333333,0.34375,0,1,0.556962025,0.025,0.95,744.125,730.75,651.8333333,1052.478261,1021.083333,974.9166667,987.15625,866.5,857.5625,738.7272727,803.5,1031.090909,1072.083333,984.1818182,988.7142857,0,0,0,0,Male,68,White - not of Hispanic Origin,oqizwe
A3FSDH6HUZPNQ8,0.458333333,0,0.833333333,0.666666667,0.090909091,0.916666667,0.161290323,0,1,0.405063291,0.027777778,0.923076923,900.0416667,789.6,911.0833333,863.125,785.8181818,824.4166667,826.5806452,758.7333333,843.2,1025.818182,793.6153846,777.5625,1034.25,867.8,818.6538462,0,0,0,0,Male,22,White - not of Hispanic Origin,pvfraj
A3FTR5MN7ZLS8M,0.916666667,0,1,0.416666667,0.083333333,0.666666667,0.59375,0.0625,1,0.6375,0.05,0.9,481.529375,401.6654167,486.6625,698.845,641.5833333,670.4195833,636.7845313,571.720625,649.5975,489.7663636,390.9225001,717.1404999,685.7767857,657.1794737,606.9765385,0,0,0,0,Female,30,White - not of Hispanic Origin,egpsye
A3GDESDB1DOTLV,0.291666667,0.083333333,0.75,0.541666667,0,0.833333333,0.517241379,0,1,0.454545455,0.025,0.875,830.943125,762.325,626.2783333,725.4427083,651.4079167,633.0329167,867.945,719.875625,807.385,930.6114286,789.9032353,695.9326923,760.3181818,835.3903333,902.825,0,0,0,0,Female,46,White - not of Hispanic Origin,hqeuxw
A3KN6R8PCW31WO,0.130434783,0.083333333,0.909090909,NA,NA,NA,0.34375,0,0.8,NA,NA,NA,545.2641304,562.2879167,571.1318182,NA,NA,NA,637.240625,572.835625,630.4966667,630.745,532.442,NA,NA,685.4845455,611.97,0,1,0,1,Female,71,White - not of Hispanic Origin,aphnhe
A3PE584GW0LSZB,0.25,0.083333333,0.75,0.375,0.166666667,0.666666667,0.3125,0.1875,0.8125,0.3125,0.15,0.75,672.9166667,648.8333333,647,651.75,574.25,652.4166667,708.09375,652.4375,659.1875,696.1666667,665.1666667,655.8888889,649.2666667,758.9,685,0,0,0,0,Male,70,White - not of Hispanic Origin,zardls
A3RP4I76FH4Z7D,0.772727273,0.083333333,0.833333333,NA,NA,NA,0.53125,0,0.9375,NA,NA,NA,622.4815909,485.54875,527.9391667,NA,NA,NA,934.1529688,780.7784375,941.5553125,610.5476471,663.057,NA,NA,961.2061765,903.4926667,0,1,0,1,Female,60,White - not of Hispanic Origin,yrxcau
A3SV5X0R9ARFOK,0.125,0,0.833333333,0.125,0,0.666666667,0.625,0,0.9375,0.325,0,0.825,754.496875,654.38625,737.4333333,620.8797917,590.0808333,714.3491667,960.6101562,773.6165625,817.5721875,895.5,734.3535714,916.5316667,578.6438095,989.378,912.66375,0,0,0,0,Male,29,White - not of Hispanic Origin,zuknmk
A3UD7T1L80TCR3,0.043478261,0,0.916666667,0.318181818,0,0.818181818,0.033333333,0,1,0.12,0,0.923076923,950.7352174,776.8541667,915.9966667,952.6163636,712.735,876.2618182,949.2956667,773.613125,918.8121875,1121.08,942.9922727,988.4871429,935.8766667,1388.25,934.1593103,0,0,0,0,Female,58,White - not of Hispanic Origin,xdflmd
A3UUY2UL6TZ55S,NA,NA,NA,0.214285714,0,0.909090909,0.21875,0.0625,0.875,NA,NA,NA,NA,NA,NA,768.0714286,663.5,828.8181818,850.6875,792.9375,897.0625,NA,NA,834.3333333,750,995.4285714,810.16,1,0,0,1,Male,37,White - not of Hispanic Origin,eyshcw
A3W1M37EJKYIZI,0.157894737,0.142857143,0.636363636,NA,NA,NA,0.620689655,0.272727273,0.625,NA,NA,NA,459.2631579,454,432.1818182,NA,NA,NA,443.6896552,394,524,536,444.875,NA,NA,433.5555556,460.2727273,0,1,0,1,Female,60,White - not of Hispanic Origin,gqjqpn
A598UDLZZZAJ3,0.388888889,0.083333333,0.916666667,0.388888889,0,0.916666667,0.464285714,0,1,0.421875,0.025,0.95,1020.814167,790.8175,713.6691667,995.9997222,849.2429167,861.4845834,1045.614821,863.26625,873.67625,913.4264286,1089.151818,1000.68,993.0213636,1086.351538,1010.309667,0,0,0,0,Female,63,Black - not of Hispanic Origin,zukfex
A5KVTBI8FA961,0.380952381,0,0.666666667,0.541666667,0,0.916666667,0.0625,0,0.9375,0.298701299,0,0.85,833.1304762,678.94,729.28125,908.6027083,659.94125,840.4758333,851.2257813,702.7484375,829.771875,930.18625,773.4038462,847.9703846,980.2590909,1254.6675,824.3296667,0,0,0,0,Male,59,White - not of Hispanic Origin,wnedeu
A68UG55LKRKMS,0.666666667,0.25,0.75,0.666666667,0.166666667,0.833333333,0.625,0,0.9375,0.65,0.125,0.85,579.5,571.6666667,601.75,518.25,464.3333333,529.75,540.40625,461.625,506.375,608.8125,520.875,483.625,587.5,547.25,529,0,0,0,0,Female,59,White - not of Hispanic Origin,srhwkl
A6YDORFZZXXPQ,0.347826087,0,0.916666667,0.166666667,0,0.916666667,0.419354839,0,1,0.320512821,0,0.95,950.8695652,820.5,800.0833333,822.7916667,770.6666667,756.9166667,1089,872.9375,902.875,998.75,925.3333333,873,812.75,1137.692308,1053.833333,0,0,0,0,Male,39,Asian,kdcddq
a8owhtbz,0.333333333,0.166666667,0.833333333,0.25,0,0.916666667,0.375,0,0.9375,0.325,0.05,0.9,676.149375,597.5008333,575.0220833,657.8120833,644.1320833,649.19,704.851875,692.050625,661.2459375,578.074375,725.186875,710.9633333,640.095,689.1625,714.2655,0,0,0,0,Male,26,White - not of Hispanic Origin,cutysk
ABN9IUIM1YA7Y,0.5,0,0.666666667,0.416666667,0,0.666666667,0.612903226,0.1875,0.8125,0.518987342,0.075,0.725,498.2435417,577.75875,494.3125,618.1841667,624.36625,596.21,670.8291935,654.1215625,647.265625,498.3741667,498.1129167,653.2475,593.1389286,648.6347368,705.9704167,0,0,0,0,Female,59,White - not of Hispanic Origin,jzxrcy
ABX5OQLR6UNBC,0.833333333,0.083333333,1,0.333333333,0.083333333,0.833333333,0.2,0,0.9375,0.435897436,0.05,0.925,807.26,706.79625,691.28875,870.905625,698.73375,710.1679167,893.7813333,771.0496875,819.4725,768.3115,1002.0025,814.9825,898.8671875,949.8425,879.7660417,0,0,0,0,Female,46,White - not of Hispanic Origin,ojqkxh
AC0B0RHJICXU1,0.833333333,0,0.818181818,0.708333333,0,1,0.451612903,0.125,1,0.64556962,0.05,0.947368421,831.3333333,707.9166667,766.8181818,937.375,817.25,844.1818182,911.0645161,760.8125,773.625,800.2,987,932.3529412,949.5714286,871.9285714,943.2941176,0,0,0,0,Male,30,White - not of Hispanic Origin,stgnfs
ACJ6NSCIWMUZI,0.583333333,0,0.833333333,0.458333333,0.166666667,0.666666667,0.71875,0.0625,1,0.6,0.075,0.85,571,470.5833333,533.5,632.9583333,608.3333333,613.5833333,702.0625,597.625,626.375,586.2142857,549.7,641.0909091,626.0769231,680.6956522,756.6666667,0,0,0,0,Male,51,White - not of Hispanic Origin,wdggwl
AEMKB98WAW7YA,0.541666667,0.083333333,1,0.416666667,0.083333333,0.75,0.28125,0.0625,1,0.4,0.075,0.925,647.2091667,588.145,582.7870833,735.6975,622.3966667,705.8329166,781.371875,677.0303125,694.8584375,720.4611539,560.6386364,749.917,725.5407143,847.9805556,755.3076087,0,0,0,0,Male,33,White - not of Hispanic Origin,hfxnqu
AGJYT4WO2FOCC,0.041666667,0,0.916666667,0.333333333,0.083333333,1,0.09375,0,0.6875,0.15,0.025,0.85,712.2916667,670.5833333,763,999.6666667,940.5833333,980.9166667,863.71875,726.6875,832.6875,879,705.0434783,996.5,1001.25,974.6666667,852.2413793,0,0,0,0,Male,33,White - not of Hispanic Origin,ecihee
AH7I3K3OJKA5L,0.652173913,0,0.666666667,0.695652174,0.181818182,0.9,0.75862069,0.125,0.866666667,0.706666667,0.105263158,0.810810811,619.2565217,546.3636364,530.4583333,466.1043478,433.4272727,579.32,621.1,542.79375,489.3133333,534.4666667,778.2375,493.35,403.8285714,575.2636364,765.1571429,0,0,0,0,Female,42,White - not of Hispanic Origin,dzqucx
AHED54NOS25RY,0.583333333,0.166666667,0.727272727,0.545454545,0.083333333,0.666666667,0.548387097,0.0625,0.733333333,0.558441558,0.1,0.710526316,842.3572917,703.9208333,822.2754545,638.8552273,666.6079167,594.9166667,852.1153226,798.2446875,757.6496667,892.7032143,771.873,733.3395833,525.474,887.8205882,808.7589286,0,0,0,0,Female,41,Black - not of Hispanic Origin,bthwoh
ahzuz2hk,0.916666667,0.333333333,1,0.52173913,0,0.916666667,0.75,0,1,0.734177215,0.102564103,0.975,548.5566666,617.8845833,624.1058333,860.1236956,777.8041667,681.7279167,884.9907813,768.517,751.2421875,539.4311363,648.9375,865.2495833,854.5318182,872.7545833,921.699375,0,0,0,0,Female,23,Hispanic or Latino,mfkugo
AIM6UIPPVF05M,0.833333333,0,1,0.75,0.166666667,0.833333333,0.65625,0.0625,1,0.7375,0.075,0.95,546.4583333,576.25,588.6666667,680.4583333,616.4166667,665.0833333,718.84375,600.5,637.625,533.45,611.5,689.5,653.3333333,742.0952381,674.4545454,0,0,0,0,Male,38,White - not of Hispanic Origin,hhllnl
AIOOOO5OXWXKM,0.5,0,0.916666667,0.291666667,0.083333333,0.833333333,0.46875,0,1,0.425,0.025,0.925,839.915,619.4591667,682.4179167,799.084375,675.1320833,706.1704167,830.3490625,704.1890625,724.204375,938.2141667,741.6158333,864.7114286,772.0614706,801.8183333,855.5232353,0,0,0,0,Male,30,Hispanic or Latino,wmgllr
AJ4B5W7LPJEQO,0.125,0,0.916666667,0.166666667,0,0.833333333,0.34375,0,1,0.225,0,0.925,599.074375,536.1116667,658.9179167,654.3716667,635.7604167,653.2275,796.3896875,654.4040625,707.735625,725.91,580.955,779.64625,629.31675,812.77,787.8095238,0,0,0,0,Male,58,Asian,subpzo
AJ86CAZX0QCE9,0.708333333,0.166666667,0.916666667,0.583333333,0.083333333,0.833333333,0.15625,0,0.9375,0.45,0.075,0.9,728.5927083,693.7025,735.6479166,709.1764583,680.4020833,750.33375,836.9323437,775.2590625,792.7790625,695.9820588,807.79,646.9032143,796.359,903.94,824.5235185,0,0,0,0,Female,42,Black - not of Hispanic Origin,szhruo
AJO13Z6TFG8C8,0.80952381,0.25,1,0.333333333,0.083333333,0.833333333,0.6875,0.076923077,0.875,0.61038961,0.135135135,0.897435897,490.5942857,569.9395833,470.9895455,763.826875,749.8129167,782.44625,803.001875,820.8788462,719.7621875,494.5547059,473.7625,866.491875,712.494375,774.4618182,865.79,0,0,0,0,Male,18,White - not of Hispanic Origin,yvzbya
AL7L4BS9AW3TI,0.541666667,0,1,0.25,0,0.833333333,0.387096774,0,0.9375,0.392405063,0,0.925,989.270625,726.9633333,737.5825,1055.330208,892.57875,959.9975,1023.379355,847.5334375,893.561875,1068.708077,895.39,1151.54,1023.260278,1075.055417,990.7418421,0,0,0,0,Female,52,White - not of Hispanic Origin,mjhceo
AL7UTA8J27TFK,0.380952381,0,0.909090909,0.352941176,0,0.8,0.565217391,0,0.9375,0.442622951,0,0.891891892,1086.023571,803.1666667,842.4190909,1100.22,1052.524167,938.332,985.3773913,893.9809375,838.2184375,1101.29875,1076.623462,1066.868333,1118.411818,997.8376923,969.179,0,0,0,0,Male,64,White - not of Hispanic Origin,nsicvx
ALM8YFO0272UR,0.625,0,0.75,0.458333333,0,1,0.65625,0.0625,1,0.5875,0.025,0.921052632,657.136875,557.4025,656.75125,694.171875,628.0608333,635.106,704.4725,603.7653125,618.035625,610.1743333,735.4077778,595.5440909,777.6261539,709.9171429,694.0781818,0,0,0,0,Male,22,White - not of Hispanic Origin,zrmrpt
ALQEBL8XKDCWC,0.333333333,0,0.916666667,0.625,0,1,0.375,0,1,0.4375,0,0.975,748.7083333,669.5833333,740.1666667,763.2083333,714.1666667,817.25,789.34375,645.625,695.4375,773.75,736.1875,789.5333333,719.3333333,861.1666667,746.25,0,0,0,0,Male,21,Asian,gqkqkt
AMA18W8F60Y2J,0.833333333,0.25,0.833333333,0.583333333,0.166666667,0.75,0.71875,0.0625,1,0.7125,0.15,0.875,539.8708333,530.7254166,467.8154167,640.2327083,568.64375,639.5220833,626.4621875,556.58375,508.8259375,523.526,621.595,656.8010714,617.037,599.9395652,694.2422222,0,0,0,0,Female,51,White - not of Hispanic Origin,boqrml
AMG800JQZGS2E,0.5,0,0.916666667,0.375,0.166666667,0.916666667,0.225806452,0.125,0.8125,0.35443038,0.1,0.875,713.6145833,670.1270833,649.38625,647.0458333,667.03125,604.9541667,669.6046774,622.3884375,674.0996875,725.9979167,701.23125,686.2611111,623.5166666,708.1471428,658.363125,0,0,0,0,Male,67,White - not of Hispanic Origin,ggjqhj
AMKTU517E8NN,0.791666667,0,0.916666667,0.75,0,1,0.5625,0,1,0.6875,0,0.975,668.773125,633.11375,620.7483333,602.0114583,506.2620833,564.9529167,783.4559375,703.183125,644.0125,640.4944737,776.232,595.7380556,620.8316667,767.6213889,803.8146428,0,0,0,0,Female,27,White - not of Hispanic Origin,llgrib
ANKDLLQHHM2OH,0.416666667,0,1,0.333333333,0,0.916666667,0.1875,0,0.9375,0.3,0,0.95,893.7789583,712.97375,689.52125,879.8010417,786.12,804.2970833,830.6889063,815.28125,800.32125,1014.5995,807.4785714,987.288125,826.0575,928.4966666,808.1178846,0,0,0,0,Female,35,Black - not of Hispanic Origin,povkpq
AOEO9ZV81R0I4,0.55,0,0.916666667,0.739130435,0,0.916666667,0.53125,0.0625,0.9375,0.6,0.025,0.925,843.45,688.25,787.3333333,799.6086957,655.4166667,753,911.625,761.125,687.125,782.9090909,917.4444444,799.7647059,799.1666667,951.1764706,866.8,0,0,0,0,Male,43,White - not of Hispanic Origin,olfirh
AOOLS8280CL0Z,0.25,0.25,0.666666667,0.5,0.083333333,0.75,0.46875,0.1875,1,0.4125,0.175,0.825,594.99,508.165,649.0970833,589.8845833,539.5216667,558.5845833,593.3129687,542.9675,513.314375,616.0224999,587.9791667,566.4691667,613.3,628.584,562.1914706,0,0,0,0,Female,67,White - not of Hispanic Origin,vennut
AP9M4LGBH8FYM,0.458333333,0.166666667,0.833333333,NA,NA,NA,0.483870968,0.1875,0.625,NA,NA,NA,854.175625,665.0645833,720.3766667,NA,NA,NA,894.9966129,723.7903125,645.35625,820.1318182,882.9819231,NA,NA,875.2343333,913.52375,0,1,0,1,Female,59,White - not of Hispanic Origin,htbxnz
AR3PU8CUFS7D9,0.083333333,0,0.833333333,0.041666667,0.083333333,0.916666667,0.366666667,0.0625,0.875,0.179487179,0.05,0.875,848.3295833,745.3158333,789.8191667,788.4639583,732.12875,742.0529167,882.931,832.224375,787.2825,814.3525,851.4184091,785.89,788.5758696,900.0313636,873.0307895,0,0,0,0,Male,26,Hispanic or Latino,bcxddx
ARI1EMAHUA9PO,0.166666667,0,0.75,NA,NA,NA,0.5,0.125,0.8125,NA,NA,NA,513.461875,516.9104167,569.1058333,NA,NA,NA,647.8301562,575.866875,600.65625,603.5275,495.44875,NA,NA,626.2603125,669.4,0,1,0,1,Male,42,White - not of Hispanic Origin,axdmex
AS9FKVLPA118I,0.333333333,0,0.916666667,0.368421053,0,1,0.136363636,0,0.928571429,0.271186441,0,0.944444444,1085.481667,906.7640909,978.8591667,1107.670789,885.8175,960.963,1172.819545,907.964,1041.856429,1241.03,1007.7075,1138.299286,1089.804167,1128.611667,1179.799737,0,0,0,0,Male,51,White - not of Hispanic Origin,mjmczg
AS9WXP6YBD4SO,0.916666667,0.25,1,0.916666667,0.166666667,1,0.875,0.266666667,1,0.9,0.230769231,1,795.875,895.3333333,853.5,817.4583333,994.6666667,817.0833333,911.3125,928.4666667,838.4375,754.8636364,1247,811.8181818,879.5,892.5357143,1042.75,0,0,0,0,Female,52,White - not of Hispanic Origin,wkuptk
ASN25PIODXIPJ,0.708333333,0,0.75,0.541666667,0.083333333,0.916666667,0.46875,0,0.9375,0.5625,0.025,0.875,638.4566667,608.1541667,645.4233334,658.1933333,621.48625,635.4870833,709.75375,660.7846875,718.8359375,624.9458824,671.2685714,652.9769231,664.3581818,772.694,654.2182353,0,0,0,0,Female,64,White - not of Hispanic Origin,bbnjsn
AT6OT5K5Z4V0J,0.391304348,0,0.916666667,0.375,0.083333333,0.75,0.71875,0,1,0.518987342,0.025,0.9,649.6086957,603.4166667,608.3333333,745.2083333,679.5833333,687.4166667,824.6875,707.25,701.125,665.7777778,639.2142857,762.6666667,734.7333333,801.0869565,885,0,0,0,0,Male,59,White - not of Hispanic Origin,vhlrwj
AU0KL60G7FCCK,0.695652174,0.166666667,1,0.833333333,0,1,0.78125,0.0625,0.875,0.772151899,0.075,0.948717949,735.3821739,660.8479167,679.8113636,735.23125,711.9995833,623.3975,760.6807813,640.544375,686.2190625,682.665625,855.8771429,726.34475,779.66375,759.6132,764.4935714,0,0,0,0,Female,53,White - not of Hispanic Origin,aqqqnk
AUKIJNB3H4ULU,0.666666667,0,0.916666667,NA,NA,NA,0.3125,0.0625,0.6875,NA,NA,NA,612.546875,507.4783333,553.77,NA,NA,NA,573.54625,535.1359375,512.9171875,631.8440625,573.9525,NA,NA,590.499,565.8404545,0,1,0,1,Male,55,White - not of Hispanic Origin,kibhfh
AYYSG3O9FNU15,0.375,0,1,0.8125,0,1,0.533333333,0,1,0.542857143,0,1,797.294375,618.6166667,689.7270833,799.6684375,671.0191667,632.5104167,850.9008333,673.49125,718.8709375,713.2211111,847.7383333,804.0946154,780.4883333,799.754375,909.3539286,0,0,0,0,Female,33,Hispanic or Latino,rxglnt
AZ8KL6F16ZS7G,0.416666667,0,0.916666667,0.666666667,0,0.833333333,0.40625,0,1,0.4875,0,0.925,704.044375,558.9495833,641.5708333,671.44,578.10375,552.9729166,776.2414062,573.9215625,681.4521875,615.2805,767.4471428,550.565625,913.18875,815.5842308,749.3226316,0,0,0,0,Female,65,White - not of Hispanic Origin,lmypft
AZU06JG0UX3DO,0.916666667,0.166666667,1,0.409090909,0.181818182,0.666666667,0.4375,0,0.9375,0.576923077,0.102564103,0.875,550.6152083,531.7166667,583.895,763.9684091,732.1745455,688.8966667,867.5298437,794.784375,706.233125,553.0059091,524.3175,719.8672222,794.5,867.5642857,867.5030556,0,0,0,0,Male,45,White - not of Hispanic Origin,kgwptl
bg0u6d5c,0.076923077,0,1,0.458333333,0.083333333,1,0.28125,0,1,0.304347826,0.028571429,1,729.9623077,640.2107143,770.535,957.5558333,709.6683333,927.7620833,898.4601562,753.9865625,888.525,609.02,740.0408333,1035.822727,891.33,1047.625556,840.091087,0,0,0,0,Male,28,Black - not of Hispanic Origin,kjhbmg
cd1f0sob,0.956521739,0.166666667,0.916666667,0.52173913,0,1,0.4,0,1,0.605263158,0.051282051,0.974358974,659.286957,707.9749713,752.1833445,1044.421731,877.2272834,828.7181835,976.7266376,798.8999997,759.2749706,667.5954612,476.499865,1054.175027,1033.781773,969.9833144,981.2221864,0,0,0,0,Female,26,White - not of Hispanic Origin,graomh
d4w2xybk,0.333333333,0,0.833333333,NA,NA,NA,0.25,0.0625,0.9375,NA,NA,NA,486.7083333,415,459.5,NA,NA,NA,488.125,443.5625,520.75,526.5,466.8125,NA,NA,567.25,461.75,0,1,0,1,Male,33,White - not of Hispanic Origin,dvqrzs
dqrl19xz,0.208333333,0.166666667,0.916666667,0.166666667,0.166666667,0.75,0.580645161,0.4,0.666666667,0.341772152,0.256410256,0.769230769,558.2464583,528.2279166,612.2604167,477.4664583,512.0254167,566.9725,551.3016129,494.249,511.7196667,644.272,535.6081579,516.78125,469.6035,608.8602778,471.605,0,0,0,0,Female,23,Black - not of Hispanic Origin,hgpnmd
ennmcwtz,0.916666667,0,1,0.5,0,0.916666667,0.46875,0,1,0.6125,0,0.975,776.55,663.4241667,657.4220833,848.89625,778.2654167,781.5520833,986.7767188,771.6928125,779.435625,774.9354546,794.31,864.9645833,832.8279167,1027.760667,950.6144118,0,0,0,0,Female,46,Black - not of Hispanic Origin,uokokc
ewwyuhks,0.166666667,0,0.666666667,0.291666667,0,0.833333333,0.3125,0,0.75,0.2625,0,0.75,557.6085417,558.4316666,574.37875,611.7360416,539.95875,552.98375,664.3971875,590.8159375,628.19625,581.23625,552.883,655.7042857,593.6314706,724.8955,636.8979546,0,0,0,0,Female,50,Black - not of Hispanic Origin,lnsyoa
f29w7x9p,0.625,0.25,0.75,NA,NA,NA,0.741935484,0,0.75,NA,NA,NA,554.164375,527.8479167,569.4875,NA,NA,NA,642.9659677,623.2328125,656.5296875,555.0153333,552.7461111,NA,NA,628.2845652,685.175,0,1,0,1,Female,74,White - not of Hispanic Origin,vmduba
g477f4ya,0.80952381,0.083333333,0.833333333,0.391304348,0,0.666666667,0.526315789,0.222222222,0.875,0.571428571,0.09375,0.78125,838.8359524,734.8254167,704.73875,1032.685217,897.7118182,970.8991667,1123.266053,1104.229444,972.6275,831.0882353,871.76375,963.5633333,1077.120714,1165.2095,1076.662222,0,0,0,0,Female,62,White - not of Hispanic Origin,kgssah
gunxh6ih,0.541666667,0.083333333,0.916666667,0.083333333,0.083333333,1,0.161290323,0.125,1,0.253164557,0.1,0.975,813.3741667,600.8216667,655.8958333,936.1770833,701.3066667,761.7283333,927.1387097,741.4409375,785.921875,757.8488461,878.995,1008.6375,929.5897727,1010.914,911.0280769,0,0,0,0,Male,49,White - not of Hispanic Origin,bezjdo
hcq8x2sa,0.416666667,0,0.75,0.25,0,1,0.193548387,0,0.9375,0.278481013,0,0.9,507.9802083,515.0445833,496.1091667,501.9258333,507.29625,511.1695833,521.3604839,460.7328125,551.2546875,494.9205,517.3085714,502.0866667,501.8722222,572.0316666,509.1994,0,0,0,0,Male,39,Asian,ynlqzx
hq09onmi,0.75,0.166666667,0.916666667,0.333333333,0,0.818181818,0.322580645,0,0.8125,0.455696203,0.05,0.846153846,587.469375,480.3720833,510.9354167,717.1583333,622.33125,590.1704546,775.9320968,589.2696875,808.985625,562.2727778,663.0591666,834.818125,658.3284375,809.5565,759.9204762,0,0,0,0,Male,23,Other (please specify),mqqlcx
i1fjt9vt,0.041666667,0,1,NA,NA,NA,0.21875,0,1,NA,NA,NA,633.936875,481.9166667,524.3525,NA,NA,NA,685.8784375,547.7925,620.7975,982.43,618.785,NA,NA,661.3371429,692.75,0,1,0,1,Female,37,Hispanic or Latino,byspmj
i8mphi07,0.75,0,0.833333333,0.666666667,0,0.833333333,0.625,0,1,0.675,0,0.9,561.7697916,552.6358335,552.5179167,567.6045833,515.19875,543.06,620.3125,522.1196874,576.0037499,567.2030554,545.4700001,527.865625,647.0825,635.56025,594.8995833,0,0,0,0,Female,56,White - not of Hispanic Origin,vhsqoa
i9rn0eqt,0.541666667,0,0.833333333,0.583333333,0,0.916666667,0.419354839,0,1,0.506329114,0,0.925,813.7206251,746.9854167,889.7991667,835.38625,699.0029166,773.06875,975.4312903,748.1096875,763.1746875,764.5915385,871.7822728,857.1564286,804.908,965.8153846,982.3761111,0,0,0,0,Female,46,White - not of Hispanic Origin,jqxvea
j1w37qjo,0.041666667,0.083333333,0.916666667,0.391304348,0,0.833333333,0.2,0,1,0.207792208,0.025,0.925,754.766875,611.9933333,774.90125,980.5554348,846.9066667,832.2033333,852.0676667,740.3940625,865.1646875,962.005,745.7565217,979.3027778,981.3607143,1015.464167,811.2185417,0,0,0,0,Female,65,White - not of Hispanic Origin,seaylz
jf374oil,0.791666667,0,1,0.583333333,0,0.916666667,0.25,0,0.9375,0.5125,0,0.95,826.8464583,786.9983333,819.9175,836.1889583,783.8833333,826.5904167,876.2157813,830.7421875,803.4496875,804.885,910.3,832.9860714,840.673,873.815625,877.0158333,0,0,0,0,Male,45,Hispanic or Latino,kiffny
jitjx4rc,0.583333333,0.083333333,1,0.375,0,0.916666667,0.46875,0.125,0.875,0.475,0.075,0.925,561.7533333,468.7958333,519.7275,577.1052083,492.70625,513.63125,606.5685937,568.29,522.99625,536.4192857,597.221,552.485,591.8773333,644.519,573.0829412,0,0,0,0,Female,49,Hispanic or Latino,wkwfth
jr3ewa6m,0.25,0.166666667,0.833333333,0.347826087,0,0.833333333,0.5,0.0625,0.875,0.379746835,0.075,0.85,687.96125,680.5766667,709.6816667,945.4726087,881.7375,900.2729167,848.5914063,676.0246875,740.601875,969.2391667,594.2019444,927.20375,955.216,910.6775,786.5053125,0,0,0,0,Male,45,White - not of Hispanic Origin,ssdumj
l515zpj2,0.666666667,0,1,0.625,0.166666667,1,0.714285714,0,1,0.671232877,0.05,1,899,775.75,815.75,1002.75,804.0833333,882.5,1023.642857,906.375,781.875,835.8571429,1025.285714,1008.333333,993.4444444,1009.3,1059.5,0,0,0,0,Female,63,White - not of Hispanic Origin,cwsyyq
l59w6qrs,0.583333333,0.25,0.666666667,0.583333333,0.25,0.833333333,0.631578947,0.1875,0.888888889,0.597014925,0.225,0.787878788,619.6154167,682.3933333,628.5433333,721.2133333,657.7654167,618.02875,640.2426316,765.0465625,691.1022222,607.6332143,636.3905,667.0817857,796.9975,596.87125,714.5935714,0,0,0,0,Female,62,Black - not of Hispanic Origin,bmrtzs
l9l7js5v,0.541666667,0.166666667,0.916666667,0.625,0.083333333,0.75,0.34375,0.0625,0.875,0.4875,0.1,0.85,584.1414584,548.58375,520.9220833,575.3360417,566.82875,522.6704166,573.0759375,530.174375,565.763125,586.1942308,581.7154546,587.6623333,554.7922222,581.7454545,568.5347619,0,0,0,0,Female,56,White - not of Hispanic Origin,wbbull
llx0io50,0.625,0.333333333,0.833333333,0.583333333,0.333333333,0.833333333,0.65625,0.3125,0.625,0.625,0.325,0.75,552.498125,502.5625,515.6679167,542.9564583,481.74,499.14,582.029375,584.3584375,615.39875,539.3766667,574.3672222,498.5885714,605.0715,591.9840476,563.025,0,0,0,0,Female,69,Other (please specify),iqbxkq
m3vuzspz,0.666666667,0.166666667,0.833333333,0.375,0.25,0.75,0.387096774,0.0625,0.933333333,0.46835443,0.15,0.846153846,591,549.75,513.4166667,631.4166667,606.8333333,624.8333333,535.1290323,546.5,498.2666667,593.9375,585.125,517.5555556,699.7333333,512.8333333,549.2105263,0,0,0,0,Male,46,Asian,eyuizj
mcj7z1zh,0.791666667,0.083333333,0.833333333,0.5,0.333333333,0.833333333,0.34375,0.0625,1,0.525,0.15,0.9,479.4852083,486.1020833,479.3479167,588.1395833,620.9595833,595.16,607.4823438,557.406875,583.770625,460.1807895,552.842,607.4708333,568.8083333,603.46,609.5892857,0,0,0,0,Male,34,White - not of Hispanic Origin,uepiym
mp7nl179,0.458333333,0,0.909090909,0.458333333,0,0.916666667,0.290322581,0,0.9375,0.392405063,0,0.923076923,692.6535416,587.7004166,661.8254546,669.67375,573.22625,654.7725,894.8106452,701.9434375,697.8625,630.2231818,745.4792307,693.3004546,649.6819231,837.6872222,918.1793182,0,0,0,0,Female,54,White - not of Hispanic Origin,wqcfmh
ncmx6v3b,0.636363636,0,1,0.608695652,0,0.833333333,0.580645161,0,0.933333333,0.605263158,0,0.923076923,854.1815909,756.6295833,778.3283333,1057.681087,1050.409167,972.49625,1062.932742,871.46125,958.7916667,877.2703571,813.77625,1095.943214,998.1622222,1074.231389,1047.288462,0,0,0,0,Female,60,White - not of Hispanic Origin,byukkk
ni5k3qx3,0,0.083333333,0.916666667,0.208333333,0,0.75,0.4375,0,1,0.2375,0.025,0.9,540.4166667,502.8333333,584.25,629.5833333,563.5,693.5833333,862.40625,611.3125,766.9375,NA,540.4166667,662.4,620.9473684,944.8571429,798.2777778,0,0,0,0,Female,54,White - not of Hispanic Origin,osdgkn
nnt7vpdg,0.416666667,0,0.818181818,0.304347826,0,0.833333333,0.137931034,0,1,0.276315789,0,0.897435897,858.6541667,634.9583333,681.5090909,938.7869565,684.75,890.6916667,832.8034483,719.99375,839.55625,822.15,884.7285714,1058.271429,886.5125,1011.4,804.228,0,0,0,0,Male,48,White - not of Hispanic Origin,ezvjzn
nu534q5a,0.666666667,0.083333333,0.75,0.625,0,1,0.53125,0.0625,0.866666667,0.6,0.05,0.871794872,629.2591667,539.2808333,563.87625,578.67375,535.3275,558.2233333,554.5964062,577.25625,526.671,625.9059375,635.965625,519.032,678.0766667,556.0594118,552.9383333,0,0,0,0,Male,45,White - not of Hispanic Origin,yavwhq
nvqejcgg,0.857142857,0,1,0.380952381,0,1,0.2,0,1,0.462686567,0,1,956.6269048,829.4254167,722.1366667,1153.68,1001.633333,1027.044583,1086.483,858.185,915.01,921.8413889,1165.34,1164.956875,1146.740385,1247.575,1046.21,0,0,0,0,Female,40,White - not of Hispanic Origin,hdcfeh
o84gb3oj,0.666666667,0.166666667,0.916666667,0.458333333,0,0.833333333,0.53125,0.066666667,1,0.55,0.076923077,0.925,724.8177083,633.7504167,649.2591667,717.0883333,620.9433333,642.0808333,788.296875,685.896,661.2959375,717.460625,739.531875,722.28,712.6953846,750.3470588,831.3066667,0,0,0,0,Female,54,White - not of Hispanic Origin,omrbbk
oifg759r,0.75,0,0.916666667,0.541666667,0.083333333,0.916666667,0.53125,0,0.9375,0.6,0.025,0.925,654.5552083,628.49625,597.2583333,703.2004167,695.8541667,639.8870833,803.4840625,696.6259375,672.8284375,639.4688889,699.8141667,661.1311538,752.9186364,793.3720588,814.9443333,0,0,0,0,Male,30,White - not of Hispanic Origin,xcwupk
p9fnaxll,0.625,0.083333333,0.916666667,0.583333333,0,0.666666667,0.625,0,1,0.6125,0.025,0.875,624.3983333,565.465,602.8216667,617.7552083,537.4204167,575.0291667,669.0690625,568.473125,551.9315625,603.1376667,659.8327778,615.3964286,621.0575,667.46925,671.7354167,0,0,0,0,Male,56,White - not of Hispanic Origin,mirixl
ple5lv7h,0.608695652,0,0.75,0.708333333,0,0.916666667,0.548387097,0,1,0.615384615,0,0.9,914.9434783,769.575,768.7333333,790.225,637.9916667,661.075,1093.664516,783.56875,818.01875,917.0785714,911.6222222,781.5647059,811.2571429,1083.3,1106.25,0,0,0,0,Female,50,White - not of Hispanic Origin,tomxuc
rjph3as6,NA,NA,NA,0.458333333,0.166666667,0.916666667,0.689655172,0.1875,1,NA,NA,NA,NA,NA,NA,937.2447917,805.1854167,731.8754167,935.9746552,906.6284375,738.555625,NA,NA,1022.038636,865.4961538,929.76875,949.7655556,1,0,0,1,Female,22,White - not of Hispanic Origin,sjmdxy
rwlxdwek,0.375,0.166666667,0.666666667,0.541666667,0.083333333,0.833333333,0.3125,0.0625,0.625,0.4,0.1,0.7,543.37875,541.4025,529.4229166,521.8816667,540.1370833,504.1283333,580.6501562,543.423125,552.5221875,576.9505555,523.2356667,534.8669231,506.5354545,604.052,570.0129545,0,0,0,0,Female,24,White - not of Hispanic Origin,rayvct
rxk7jaiv,0.5,0.083333333,0.916666667,0.652173913,0.166666667,0.666666667,0.333333333,0.1875,0.875,0.480519481,0.15,0.825,584.8191667,502.5454167,650.7945833,561.661087,515.6545833,465.7666667,626.7041667,522.4334375,621.5996875,541.6908333,627.9475,537.36,607.225625,647.4555,616.3285,0,0,0,0,Female,33,White - not of Hispanic Origin,ylxkbu
rymil59e,0.083333333,0,0.916666667,0.125,0,1,0.15625,0,0.875,0.125,0,0.925,743.1122917,659.985,785.85,661.0614583,641.3933333,854.5633333,877.0957813,778.945625,870.1884375,1156.1175,705.5663636,884.715,629.1109524,1046.359,845.7507407,0,0,0,0,Male,30,White - not of Hispanic Origin,tyoodh
t5inmn2y,0.5,0,0.666666667,0.625,0.166666667,0.818181818,0.78125,0.0625,1,0.65,0.075,0.846153846,569.875,599.5833333,547.5833333,634.3333333,542.6666667,558.7272727,637.25,658.75,686.625,499.75,640,581.4666667,722.4444444,633.52,650.5714286,0,0,0,0,Female,68,White - not of Hispanic Origin,gbekql
tbrp44ba,0.166666667,0,0.916666667,0.260869565,0.083333333,0.833333333,0.40625,0,0.9375,0.291139241,0.025,0.9,644.3716667,611.3691667,591.51,847.0117391,744.8445833,819.3483333,823.5053125,766.27625,799.735,629.31,647.384,816.8541667,857.6555882,803.9334615,836.8965789,0,0,0,0,Male,34,White - not of Hispanic Origin,wghfit
tfz3r5ab,0.875,0.083333333,1,0.545454545,0,0.833333333,0.576923077,0,1,0.666666667,0.025,0.95,815.14125,603.39625,670.29,1019.826364,759.1579167,880.4654167,1156.909038,882.465,857.05375,814.1502381,822.0783333,1029.97875,1007.6435,1167.785333,1142.077727,0,0,0,0,Female,37,White - not of Hispanic Origin,yibytx
tludgp3v,0.166666667,0.25,0.833333333,0.208333333,0,1,0.5,0,0.9375,0.3125,0.075,0.925,581.3158333,444.3470833,544.06375,580.6491667,504.4454167,517.4333333,602.1520312,581.9459375,533.0415625,525.93125,592.39275,697.329,549.9439474,573.189375,631.1146875,0,0,0,0,Female,33,Black - not of Hispanic Origin,nckosr
tq3vw7q9,0.208333333,0.083333333,0.916666667,0.541666667,0.083333333,1,0.0625,0,0.9375,0.25,0.05,0.95,633.4654167,654.44,629.4933333,657.7422917,598.9954167,623.8229167,767.5098437,658.7421875,824.5825,693.341,617.7086842,640.5780769,678.0272727,742.2724999,769.1923333,0,0,0,0,Male,45,Black - not of Hispanic Origin,zloxhp
u0g3j3hb,0.916666667,0,1,0.772727273,0,0.916666667,0.71875,0,1,0.794871795,0,0.975,850.1183333,883.4554167,710.2083333,972.1838636,882.2983333,881.0841667,981.8628125,879.0565625,842.6328125,841.3165909,946.9375001,967.4999999,988.109,957.1228261,1045.087222,0,0,0,0,Female,38,White - not of Hispanic Origin,vjhawi
umwoztk9,0.25,0.166666667,1,0.583333333,0.083333333,0.916666667,0.5,0,0.875,0.45,0.075,0.925,614.875,586.3333333,555.6666667,679.0416667,585.5,531.5833333,671.09375,528.375,622.5,678.6666667,593.6111111,683.1428571,673.3,737,605.1875,0,0,0,0,Female,39,White - not of Hispanic Origin,lramky
uv375wtp,0.636363636,0.090909091,0.8,0.608695652,0,0.75,0.35483871,0,1,0.513157895,0.025641026,0.868421053,934.2,828.4909091,979.02,890.426087,968.7833333,938.5,972.0741935,929.48125,949.275,861.2071429,1061.9375,860.4714286,937.0222222,995.4090909,959.24,0,0,0,0,Male,33,Hispanic or Latino,xarevm
uyp9bpcu,0.625,0.083333333,1,NA,NA,NA,0.1875,0.0625,0.75,NA,NA,NA,661.125,572.0833333,670.0833333,NA,NA,NA,744.46875,653.25,739.25,749.4,514,NA,NA,909.1666667,706.4615385,0,1,0,1,Female,64,White - not of Hispanic Origin,xtvqrr
vgujmtxj,0.458333333,0,0.916666667,0.416666667,0.083333333,0.75,0.71875,0,1,0.55,0.025,0.9,710.3333333,658.75,665.8333333,878.4583333,893.3333333,798.0833333,833.4375,709.3125,760.875,682.9090909,733.5384615,832,911.6428571,831.7826087,837.6666667,0,0,0,0,Female,52,White - not of Hispanic Origin,ylaqwc
vwzqtigf,0.739130435,0,0.916666667,0.434782609,0,0.916666667,0.46875,0,0.9375,0.538461538,0,0.925,652.3478261,577.5833333,640.4166667,691.5652174,618.9166667,715.8333333,768.34375,718,696.1875,631.0588235,712.6666667,759.5,639.3076923,811.8666667,729.9411765,0,0,0,0,Male,33,White - not of Hispanic Origin,gofwpn
w2pgezsu,NA,NA,NA,0.458333333,0.083333333,0.916666667,0.375,0.0625,1,NA,NA,NA,NA,NA,NA,779.22125,719.9791667,688.3570833,748.6995312,645.5953125,592.008125,NA,NA,771.555,785.7080769,727.9541667,761.14675,1,0,0,1,Female,32,Asian,hmxcal
w6stj4g8,0.416666667,0,0.75,0.25,0.25,0.833333333,0.46875,0.1875,0.6875,0.3875,0.15,0.75,739.3502083,697.8049999,622.8525,667.8589583,555.5641667,695.3229167,619.375,683.2190625,644.739375,772.192,715.8917857,676.8625,664.8577778,641.0106667,600.2847059,0,0,0,0,Female,28,White - not of Hispanic Origin,fjhwyk
wg2791rw,0.4375,0,0.636363636,0.631578947,0.222222222,1,NA,NA,NA,NA,NA,NA,713.34875,444.775,531.5486364,727.7657895,690.925,692.3777273,NA,NA,NA,821.8864286,628.9305556,691.91,789.2328571,NA,NA,0,0,1,1,Female,25,White - not of Hispanic Origin,iaokca
wuyy757y,0.416666667,0,0.916666667,0.541666667,0,1,0.53125,0,1,0.5,0,0.975,812.7,769.5916667,790.4308333,857.5433333,773.3916667,802.0875,924.304375,776.4390625,747.0578125,812.216,813.0457143,837.2457692,881.5313636,970.755,871.6603333,0,0,0,0,Male,26,White - not of Hispanic Origin,rhrhag
x83du3ie,0.25,0,0.833333333,0.166666667,0,0.833333333,0.5,0,1,0.325,0,0.9,726.9954167,689.46375,755.3629167,673.1395833,615.98125,665.7816667,806.569375,725.118125,720.4565625,905.1625,667.6063889,874.38875,632.88975,843.7984375,769.3403125,0,0,0,0,Female,29,White - not of Hispanic Origin,yhluud
x9rdwo93,0.625,0,0.916666667,0.583333333,0,1,0.53125,0,1,0.575,0,0.975,848.2722917,649.9529167,740.86875,716.7825,544.2645833,637.3016667,864.360625,684,683.9525,859.739,829.1611111,667.2453571,786.1345,857.275,872.391,0,0,0,0,Female,37,White - not of Hispanic Origin,lbxtjl
xx5o11rr,0.714285714,0.25,0.818181818,0.764705882,0.083333333,0.888888889,0.48,0.090909091,1,0.634920635,0.142857143,0.914285714,989.7233333,1010.486667,1049.758182,958.6479412,1140.05625,957.8844444,1104.857,816.8322727,924.3983333,930.217,1138.489167,907.3746154,1125.28625,1067.53125,1139.311538,0,0,0,0,Male,59,Black - not of Hispanic Origin,giupkt
xxpc3taq,0.875,0.083333333,1,0.333333333,0.083333333,0.666666667,0.1875,0,1,0.4375,0.05,0.9,569.1089583,545.1375,553.3875,599.1975,539.90375,557.77625,673.9060938,549.130625,652.3634375,569.7642857,564.5216667,633.6625,581.965,838.4991667,635.9230769,0,0,0,0,Female,51,White - not of Hispanic Origin,vgwhyt
y1v6tsyg,0.25,0,0.916666667,0.083333333,0,0.75,0,0,0.9375,0.1,0,0.875,764.2022916,595.3095833,614.2270833,747.8275,621.51,841.41875,675.5326562,548.1371875,722.6115625,796.5441667,753.4216666,1032.0325,721.9906818,NA,675.5326562,0,0,0,0,Female,57,White - not of Hispanic Origin,riofqj
yd0034gc,0.833333333,0.083333333,1,NA,NA,NA,0.548387097,0,0.866666667,NA,NA,NA,663.0166667,624.65,644.5083333,NA,NA,NA,984.3193548,885.61875,781.8066667,674.195,607.125,NA,NA,1026.647059,932.9214286,0,1,0,1,Male,58,White - not of Hispanic Origin,gkmfvx
z4h1pb59,0.583333333,0,0.916666667,0.458333333,0,0.833333333,0.375,0,0.9375,0.4625,0,0.9,632.274375,589.4479167,549.8404167,531.3345833,507.8591667,510.245,663.6760938,530.1103125,557.5790625,628.9321429,636.9535,532.4922727,530.355,686.8075,649.79725,0,0,0,0,Female,42,White - not of Hispanic Origin,geivxc
za3yq6ht,0.25,0.083333333,0.833333333,0.333333333,0.083333333,1,0.34375,0,0.9375,0.3125,0.05,0.925,642.9166667,554.9166667,564.5833333,702.2083333,588.5833333,699.9166667,788.0625,616.8125,696.4375,545,675.5555556,711.375,697.625,831.8181818,765.1428571,0,0,0,0,Female,40,White - not of Hispanic Origin,cklrwe
zbjqb8oe,0.916666667,0,0.916666667,0.583333333,0,0.916666667,0.46875,0.0625,0.9375,0.6375,0.025,0.925,644.846875,612.4679167,665.0741667,723.1789583,657.8616667,692.4195833,777.2914063,684.663125,799.4203125,643.2677273,662.2175,751.7932143,683.119,789.0603333,766.9070588,0,0,0,0,Male,46,White - not of Hispanic Origin,oxsoqb
zuxlxln0,0.8,0,1,0.333333333,0,0.857142857,0.387096774,0,1,0.446428571,0,0.965517241,1083.7955,737.36,701.107143,810.2320002,682.9999999,713.3178573,1023.572258,698.6731254,817.5256666,1097.78875,1027.822499,950.9800006,739.858,1148.080833,944.935263,0,0,0,0,Male,46,White - not of Hispanic Origin,asguwz
zxql8zx8,0.071428571,0,0.75,0.47826087,0,0.833333333,NA,NA,NA,NA,NA,NA,612.0210714,580.7942857,741.6308333,781.293913,636.20625,730.9979167,NA,NA,NA,664.3599999,607.995,842.7413636,724.9670833,NA,NA,0,0,1,1,Female,55,White - not of Hispanic Origin,klgdlz
zyij4egh,0.041666667,0,0.833333333,0.375,0,0.75,0.09375,0,0.733333333,0.1625,0,0.769230769,577.7083333,595.1666667,670.5833333,930.7083333,663.9166667,842.25,759.625,625,818.6,817,567.3043478,1081.555556,840.2,842,751.1034483,0,0,0,0,Female,38,White - not of Hispanic Origin,umvaug