"","wordlist","neg.avg","neg.sd","RT","RT.sd","avg.cor","avg.inc"
"1","ABORTION",0.5,0.522232967867094,769.550416669521,248.387247909304,0.5,0.5
"2","ABUNDANT",0.583333333333333,0.514928650544437,882.96249999834,310.579056423416,0.416666666666667,0.583333333333333
"3","ACCIDENT",0.583333333333333,0.514928650544437,691.61000000652,131.361846411902,0.583333333333333,0.416666666666667
"4","ACCOMPLISH",0.5,0.522232967867094,822.682916657403,294.987557942557,0.5,0.5
"5","ACCURATE",0.583333333333333,0.514928650544437,675.800416663435,172.076824970968,0.416666666666667,0.583333333333333
"6","ACCUSE",0.916666666666667,0.288675134594813,937.156666673406,236.307616409279,0,1
"7","ACHIEVE",0.416666666666667,0.514928650544437,686.308749999094,126.698308448066,0.583333333333333,0.416666666666667
"8","ACNE",0.5,0.522232967867094,725.907499991544,164.255578401912,0.5,0.5
"9","ADDICTED",0.416666666666667,0.514928650544437,740.424166661859,166.309939746616,0.416666666666667,0.583333333333333
"10","ADMIRE",0.5,0.522232967867094,625.26500000169,90.3402129321678,0.5,0.5
"11","ADORABLE",0.583333333333333,0.514928650544437,666.384999997966,77.8611526404111,0.416666666666667,0.583333333333333
"12","AFFECTION",0.5,0.522232967867094,666.024166672575,167.935109461814,0.5,0.5
"13","AFRAID",0.5,0.522232967867094,792.181249997695,203.434268915925,0.5,0.5
"14","AGONY",0.5,0.522232967867094,700.323333338791,220.612005738064,0.5,0.5
"15","AMAZE",0.5,0.522232967867094,627.252500000234,138.452217792955,0.5,0.5
"16","AMBITION",0.5,0.522232967867094,841.532083331833,311.692438910791,0.5,0.5
"17","AMUSE",0,0,774.350000012197,251.963257478299,0,1
"18","AMUSED",0.5,0.522232967867094,706.042083330901,119.68751236577,0.5,0.5
"19","AMUSING",0.5,0.522232967867094,687.297916679602,190.856420164083,0.5,0.5
"20","ANGEL",0.5,0.522232967867094,686.389166674853,139.302264544185,0.5,0.5
"21","ANIMAL",0.5,0.522232967867094,710.396666671187,177.887611283475,0.5,0.5
"22","ANNOY",0.5,0.522232967867094,724.220416671087,153.038289775587,0.5,0.5
"23","ANNOYANCE",0.5,0.522232967867094,706.629583323311,133.0617238464,0.5,0.5
"24","ANNOYED",0.416666666666667,0.514928650544437,641.454583329025,114.142466278449,0.416666666666667,0.583333333333333
"25","ANTHRAX",0.5,0.522232967867094,684.453749991991,102.461876179366,0.5,0.5
"26","ANXIETY",0.5,0.522232967867094,876.593333335131,359.36475888702,0.5,0.5
"27","APPALLING",0.5,0.522232967867094,765.482916655181,257.685444068256,0.5,0.5
"28","APPETIZER",0.416666666666667,0.514928650544437,800.940833342511,197.12984361593,0.583333333333333,0.416666666666667
"29","APPLAUSE",0.5,0.522232967867094,724.73708333895,224.848818614554,0.5,0.5
"30","AROMA",0.5,0.522232967867094,847.788333324038,273.484766740172,0.5,0.5
"31","ARROGANT",0.416666666666667,0.514928650544437,664.55041667121,133.121313065143,0.416666666666667,0.583333333333333
"32","ARSON",0.5,0.522232967867094,729.299999999635,166.770616561252,0.5,0.5
"33","ASHAMED",0.5,0.522232967867094,904.892916672199,336.055107695527,0.5,0.5
"34","ASTHMA",0.5,0.522232967867094,911.810416669211,269.785134918,0.5,0.5
"35","ATTRACTIVE",0.5,0.522232967867094,639.136666669766,150.688415932619,0.5,0.5
"36","AUDIT",0.666666666666667,0.492365963917331,943.157499994937,344.585891688974,0.666666666666667,0.333333333333333
"37","AUTOPSY",0.5,0.522232967867094,712.7941666665,136.076971663337,0.5,0.5
"38","AWFUL",0.333333333333333,0.492365963917331,606.485416674319,129.416198517195,0.333333333333333,0.666666666666667
"39","AWKWARD",0.5,0.522232967867094,827.445416665088,390.213527453957,0.5,0.5
"40","BACON",0.416666666666667,0.514928650544437,769.857916665705,166.494613416011,0.583333333333333,0.416666666666667
"41","BAKE",0.583333333333333,0.514928650544437,812.887083334785,268.113833493837,0.416666666666667,0.583333333333333
"42","BANKRUPT",0.5,0.522232967867094,714.137916662442,163.497509912378,0.5,0.5
"43","BARBECUE",0.5,0.522232967867094,832.282916663869,372.830159287201,0.5,0.5
"44","BARGAIN",0.583333333333333,0.514928650544437,928.785416662176,448.251059035394,0.416666666666667,0.583333333333333
"45","BASH",0.583333333333333,0.514928650544437,738.358750004607,126.817164912293,0,1
"46","BATTER",0.583333333333333,0.514928650544437,853.068333336186,247.65017731557,0,1
"47","BEACH",0.5,0.522232967867094,728.48416667252,194.848320728239,0.5,0.5
"48","BEAT",0.666666666666667,0.492365963917331,1096.06749999027,330.238055427026,0,1
"49","BEAUTIFUL",0.5,0.522232967867094,619.3695833288,146.757646238114,0.5,0.5
"50","BEAUTY",0.5,0.522232967867094,616.495000007817,144.070233025706,0.5,0.5
"51","BEGGAR",0.5,0.522232967867094,801.836249992785,398.241562674328,0.5,0.5
"52","BELOVED",0.5,0.522232967867094,749.54583332984,253.509650504852,0.5,0.5
"53","BITE",0.5,0.522232967867094,955.7191666663,635.207523059598,0,1
"54","BLACKMAIL",0.416666666666667,0.514928650544437,676.86583334255,179.87749665382,0.416666666666667,0.583333333333333
"55","BLAME",0.5,0.522232967867094,794.973750003111,285.300845268909,0.5,0.5
"56","BLEED",0.5,0.522232967867094,802.20916665859,349.361517431423,0.5,0.5
"57","BLESSING",0.583333333333333,0.514928650544437,797.481666660344,263.214535707594,0.416666666666667,0.583333333333333
"58","BLINDNESS",0.5,0.522232967867094,804.391249999569,285.128085732339,0.5,0.5
"59","BLISS",0.583333333333333,0.514928650544437,889.798750002622,366.782833866808,0.416666666666667,0.583333333333333
"60","BLISTER",0.583333333333333,0.514928650544437,771.863749999252,180.618750563869,0.583333333333333,0.416666666666667
"61","BLOODBATH",0.416666666666667,0.514928650544437,638.882916667833,94.42433285089,0.416666666666667,0.583333333333333
"62","BLOODSHOT",0.5,0.522232967867094,793.633333327064,327.759841843913,0.5,0.5
"63","BLOODY",0.5,0.522232967867094,777.980000003517,204.083896133019,0.5,0.5
"64","BLOSSOM",0.5,0.522232967867094,850.582916657137,473.96021880598,0.5,0.5
"65","BOMB",0.5,0.522232967867094,752.029583340274,225.803001518592,0.5,0.5
"66","BOSSY",0.5,0.522232967867094,940.413333330859,345.568135620608,0.5,0.5
"67","BOYFRIEND",0.5,0.522232967867094,927.970833327092,342.472418781668,0.5,0.5
"68","BRAT",0.5,0.522232967867094,738.085833333273,297.286117087646,0.5,0.5
"69","BRAVE",0,0,761.123749995673,154.685858814126,0,1
"70","BREAK",0.5,0.522232967867094,788.74124999081,302.14625162851,0,1
"71","BREAKFAST",0.5,0.522232967867094,684.009999992743,141.194175804706,0.5,0.5
"72","BRIGHTEN",0.5,0.522232967867094,753.377916670795,229.426665738319,0.5,0.5
"73","BRIGHTNESS",0.5,0.522232967867094,633.201249999073,86.3004356906188,0.5,0.5
"74","BROKEN",0.5,0.522232967867094,804.089999998294,285.044853417875,0.5,0.5
"75","BUDDY",0.5,0.522232967867094,814.970833328887,355.420031656099,0.5,0.5
"76","BURGLAR",0.5,0.522232967867094,679.201250003321,156.98716036208,0.5,0.5
"77","CAKE",0.5,0.522232967867094,621.01833333351,135.757336160263,0.5,0.5
"78","CANCER",0.5,0.522232967867094,719.598333334356,183.872776965881,0.5,0.5
"79","CANDY",0.5,0.522232967867094,844.569166668147,413.230528575679,0.5,0.5
"80","CAPABLE",0,0,908.011249996478,367.588939776492,0,1
"81","CAREFREE",0.666666666666667,0.492365963917331,867.0537500002,319.708439954455,0.333333333333333,0.666666666666667
"82","CASKET",0.5,0.522232967867094,881.642916662293,300.65419394807,0.5,0.5
"83","CATCH",0.583333333333333,0.514928650544437,890.933333320028,305.779729990531,0,1
"84","CAVITY",0.5,0.522232967867094,787.846666670343,211.69745705427,0.5,0.5
"85","CHARM",0.5,0.522232967867094,743.006249995529,166.654015768985,0.5,0.5
"86","CHARMING",0.5,0.522232967867094,675.000416668781,164.458802927203,0.5,0.5
"87","CHEAP",0.416666666666667,0.514928650544437,868.580416663848,286.495274685373,0,1
"88","CHECK",0.5,0.522232967867094,896.457916669327,322.993301437613,0,1
"89","CHEERFUL",0.416666666666667,0.514928650544437,654.734583338162,165.211381947304,0.583333333333333,0.416666666666667
"90","CHILD",0.5,0.522232967867094,768.344166663355,146.645126959885,0.5,0.5
"91","CHILLING",0.333333333333333,0.492365963917331,740.047916668705,125.03400921958,0,1
"92","CHOCOLATE",0.5,0.522232967867094,656.047500011647,169.875159204225,0.5,0.5
"93","CHOKE",0.5,0.522232967867094,792.889166667102,211.335661261871,0.5,0.5
"94","CHUCKLE",0.583333333333333,0.514928650544437,805.432499993529,249.950919807128,0.416666666666667,0.583333333333333
"95","CLOSE",0.666666666666667,0.492365963917331,1073.66083333419,435.830794445695,0,1
"96","CLUB",0.5,0.522232967867094,928.385833331796,238.252827871191,0,1
"97","COCKROACH",0.5,0.522232967867094,777.337916664839,294.105745536785,0.5,0.5
"98","COFFIN",0.5,0.522232967867094,670.055416665018,88.4947414842034,0.5,0.5
"99","COMEDIAN",0,0,877.009166671047,471.484134820148,0,1
"100","COMIC",0,0,919.40083333896,329.550940122999,0,1
"101","COMPASSION",0.5,0.522232967867094,660.585416654307,169.871658419949,0.5,0.5
"102","CONVICT",0.583333333333333,0.514928650544437,754.632500009427,225.630992945005,0.583333333333333,0.416666666666667
"103","COOK",0.5,0.522232967867094,710.682083334258,183.186575156837,0.5,0.5
"104","COOKIE",0.5,0.522232967867094,683.955833341852,139.23901816625,0.5,0.5
"105","CORPSE",0.5,0.522232967867094,656.511250004636,131.171253279598,0.5,0.5
"106","CORRECT",0.5,0.522232967867094,775.679583334743,253.526146191156,0,1
"107","COSMIC",0.5,0.522232967867094,737.518750000321,214.600931881139,0.5,0.5
"108","COUPLE",0.5,0.522232967867094,720.779583331224,120.063935229087,0.5,0.5
"109","COURAGE",0.5,0.522232967867094,775.780000001626,214.507799446619,0.5,0.5
"110","COURT",0.666666666666667,0.492365963917331,774.908333331051,217.639110259712,0,1
"111","COURTROOM",0.5,0.522232967867094,1070.6087499949,236.369659267869,0.5,0.5
"112","COWARD",0.5,0.522232967867094,812.141249999237,508.321015346104,0.5,0.5
"113","COWARDLY",0.5,0.522232967867094,723.337499997637,194.832378057856,0.5,0.5
"114","CRACK",0.416666666666667,0.514928650544437,744.07416667822,248.179566870614,0.416666666666667,0.583333333333333
"115","CRAMP",0.5,0.522232967867094,791.282083332737,327.834663303969,0.5,0.5
"116","CRAPPY",1,0,691.356250000952,148.239793166661,0,1
"117","CRASH",0.5,0.522232967867094,802.553333342565,395.502400263691,0.5,0.5
"118","CRAZY",0.5,0.522232967867094,706.656249998473,259.118158071493,0,1
"119","CREATIVE",0.583333333333333,0.514928650544437,626.292916673245,132.190327167461,0.416666666666667,0.583333333333333
"120","CREEP",0.5,0.522232967867094,678.121250001483,191.625079902534,0.5,0.5
"121","CREEPY",0.5,0.522232967867094,671.5041666735,91.3025790215429,0.5,0.5
"122","CRIME",0.5,0.522232967867094,756.83458333431,280.889512364925,0.5,0.5
"123","CRIMINAL",0.416666666666667,0.514928650544437,618.046249990897,106.420144744384,0.416666666666667,0.583333333333333
"124","CRIPPLE",0.5,0.522232967867094,822.930000008443,459.915614517598,0.5,0.5
"125","CRIPPLING",0.5,0.522232967867094,700.398749998426,175.859406204199,0.5,0.5
"126","CRITICIZE",0.5,0.522232967867094,757.838749996076,240.437013434552,0.5,0.5
"127","CROOK",0.916666666666667,0.288675134594813,669.682083324875,72.128954286962,0,1
"128","CRUEL",0.5,0.522232967867094,648.184166669196,150.439945592744,0.5,0.5
"129","CRUSH",0.416666666666667,0.514928650544437,1080.98125000314,364.387618821091,0,1
"130","CRUSHED",0.5,0.522232967867094,946.842083331052,408.85651397807,0.5,0.5
"131","CRYPT",0.5,0.522232967867094,800.177083321438,174.382145176248,0.5,0.5
"132","CULT",0.5,0.522232967867094,752.156249993704,226.198142051387,0.5,0.5
"133","CURE",0.583333333333333,0.514928650544437,717.087916666116,115.376251733762,0.416666666666667,0.583333333333333
"134","CURSE",0.416666666666667,0.514928650544437,772.839583333851,222.446715004163,0.416666666666667,0.583333333333333
"135","CUTE",0.416666666666667,0.514928650544437,611.477083337265,159.740997084281,0.583333333333333,0.416666666666667
"136","DAD",0.333333333333333,0.492365963917331,729.805833342975,181.92578850225,0.666666666666667,0.333333333333333
"137","DADDY",0.416666666666667,0.514928650544437,810.124166678092,366.83800760554,0.583333333333333,0.416666666666667
"138","DAMAGE",0.416666666666667,0.514928650544437,656.725833340703,160.712163347103,0.416666666666667,0.583333333333333
"139","DANCE",0.5,0.522232967867094,646.18666666539,140.660950316028,0.5,0.5
"140","DATE",0.5,0.522232967867094,772.832499999837,217.215153534215,0.5,0.5
"141","DAYTIME",0.5,0.522232967867094,666.164166665364,130.082633150921,0.5,0.5
"142","DEADLY",1,0,694.932500004169,215.332221178807,0,1
"143","DEATH",0.5,0.522232967867094,667.874999994116,86.6755372077491,0.5,0.5
"144","DEATHBED",0.5,0.522232967867094,698.072916661884,144.529121046577,0.5,0.5
"145","DECAY",1,0,738.219999988838,184.446153044704,0,1
"146","DECAYING",0.5,0.522232967867094,745.84666666389,201.661506101252,0.5,0.5
"147","DECEPTION",0.5,0.522232967867094,725.54750000068,124.720085050679,0.5,0.5
"148","DEFEATED",0.5,0.522232967867094,841.990833342633,272.597990868145,0.5,0.5
"149","DELICIOUS",0.583333333333333,0.514928650544437,656.110000004569,147.27733027977,0.416666666666667,0.583333333333333
"150","DELIGHT",0.5,0.522232967867094,662.398333328817,87.190620827684,0.5,0.5
"151","DELIGHTED",0.583333333333333,0.514928650544437,664.1683333369,89.1453032533053,0.416666666666667,0.583333333333333
"152","DEMOLISH",0.5,0.522232967867094,624.673750002027,132.588028337304,0.5,0.5
"153","DEPRESSED",0.5,0.522232967867094,637.662499987688,145.669027328425,0.5,0.5
"154","DEPRESSION",0.5,0.522232967867094,696.043750000249,222.520027444034,0.5,0.5
"155","DEVOTED",0.666666666666667,0.492365963917331,781.752916659316,275.910478758171,0.333333333333333,0.666666666666667
"156","DIABETES",0.5,0.522232967867094,707.430000002965,116.817052827028,0.5,0.5
"157","DICTATOR",0.583333333333333,0.514928650544437,805.521666667725,257.784476138493,0.583333333333333,0.416666666666667
"158","DIFFICULTY",0.5,0.522232967867094,695.989166661759,213.869189407325,0.5,0.5
"159","DIRECT",0.666666666666667,0.492365963917331,1101.03583333534,342.952402060875,0,1
"160","DISAGREE",0.5,0.522232967867094,770.664166677452,250.764365869308,0.5,0.5
"161","DISCIPLINE",0.5,0.522232967867094,1047.55958334,565.35918504643,0,1
"162","DISCOVER",0.583333333333333,0.514928650544437,744.932916670905,178.151360442705,0.416666666666667,0.583333333333333
"163","DISEASE",0.5,0.522232967867094,663.235416662705,122.662725695724,0.5,0.5
"164","DISHONOR",0.5,0.522232967867094,669.186666665924,148.323773399083,0.5,0.5
"165","DISPUTE",0.5,0.522232967867094,823.839583332002,438.486704717941,0.5,0.5
"166","DISTRUST",0.583333333333333,0.514928650544437,694.682916673317,130.061568986657,0.583333333333333,0.416666666666667
"167","DISTURBING",0.416666666666667,0.514928650544437,701.525000011097,144.106180788886,0.416666666666667,0.583333333333333
"168","DIVORCE",0.5,0.522232967867094,697.942083330186,241.706570841461,0.5,0.5
"169","DOLLAR",0.5,0.522232967867094,784.212499993783,355.003727207433,0.5,0.5
"170","DREADED",0.5,0.522232967867094,697.240000013378,171.22614083233,0.5,0.5
"171","DREADFUL",0.5,0.522232967867094,649.558333327319,127.177664388424,0.5,0.5
"172","DREAM",0.583333333333333,0.514928650544437,741.77374999603,168.435190775505,0.416666666666667,0.583333333333333
"173","DREAMER",0.583333333333333,0.514928650544437,708.181250001614,147.374142299142,0.416666666666667,0.583333333333333
"174","DREAMY",0.5,0.522232967867094,690.687500004659,205.777203620221,0.5,0.5
"175","DROWN",0.545454545454545,0.522232967867094,671.274545440784,91.1793160560228,0.545454545454545,0.454545454545455
"176","DUMB",0.416666666666667,0.514928650544437,691.258333331054,184.960921824982,0.416666666666667,0.583333333333333
"177","EDUCATE",0.636363636363636,0.504524979109513,665.842727263998,148.431441221097,0.363636363636364,0.636363636363636
"178","EMERALD",0.5,0.522232967867094,809.973750000892,204.961483202902,0.5,0.5
"179","ENEMY",0.5,0.522232967867094,718.49416667337,270.845331353943,0.5,0.5
"180","ENJOY",0.666666666666667,0.492365963917331,699.060833334869,152.631174528115,0.333333333333333,0.666666666666667
"181","ENJOYABLE",0.5,0.522232967867094,657.405833328856,149.199980193643,0.5,0.5
"182","ENTERTAIN",0.5,0.522232967867094,716.429999997788,142.203222852224,0.5,0.5
"183","EPIC",0.5,0.522232967867094,770.427916659556,194.245749381808,0.5,0.5
"184","EVIL",1,0,635.537499999979,66.548769795457,0,1
"185","EXCELLENCE",0.583333333333333,0.514928650544437,658.900833331592,130.550431892462,0.416666666666667,0.583333333333333
"186","EXCELLENT",0.5,0.522232967867094,648.435833334777,117.609689287175,0.5,0.5
"187","EXPLOIT",0.416666666666667,0.514928650544437,776.407083329061,354.110515044465,0,1
"188","FABULOUS",0.5,0.522232967867094,640.0499999945,95.3620043195687,0.5,0.5
"189","FACELESS",0.583333333333333,0.514928650544437,1043.33374999193,525.082528318406,0.583333333333333,0.416666666666667
"190","FAIL",0.583333333333333,0.514928650544437,670.744583342353,137.544164710582,0.583333333333333,0.416666666666667
"191","FAILURE",0.5,0.522232967867094,672.893750001967,157.222886748784,0.5,0.5
"192","FAIRNESS",0.5,0.522232967867094,866.051250001498,319.921944547903,0.5,0.5
"193","FAITHFUL",0.5,0.522232967867094,678.382499988511,115.88011156986,0.5,0.5
"194","FAKE",0.5,0.522232967867094,629.428750002159,132.023094095831,0.5,0.5
"195","FALL",0.416666666666667,0.514928650544437,945.97666666422,292.628833970181,0,1
"196","FALLOUT",0.5,0.522232967867094,829.193749997121,301.721972265155,0.5,0.5
"197","FAMILY",0.416666666666667,0.514928650544437,637.835833327369,121.702217691139,0.583333333333333,0.416666666666667
"198","FANCY",0.5,0.522232967867094,693.999166670173,124.075605301142,0.5,0.5
"199","FAVORITE",0.5,0.522232967867094,625.432083334044,90.1504288923746,0.5,0.5
"200","FEARFUL",0.416666666666667,0.514928650544437,782.549583341897,195.215090451781,0.416666666666667,0.583333333333333
"201","FEAST",0.416666666666667,0.514928650544437,859.02166666608,454.737050356665,0.583333333333333,0.416666666666667
"202","FELONY",0.5,0.522232967867094,753.977083329035,231.849765302206,0.5,0.5
"203","FEMININE",0,0,791.365416668896,192.12399934597,0,1
"204","FESTIVE",0.5,0.522232967867094,898.08333333327,407.188735603331,0.5,0.5
"205","FIGHTER",0.583333333333333,0.514928650544437,814.9416666679,287.079518880932,0,1
"206","FINE",0.583333333333333,0.514928650544437,750.348749999526,311.455943661275,0,1
"207","FIRE",0.416666666666667,0.514928650544437,696.848333330672,200.494193438779,0,1
"208","FIST",0.5,0.522232967867094,767.867500008848,234.792878668481,0.5,0.5
"209","FLATTERING",0.583333333333333,0.514928650544437,835.601249996436,322.587505227718,0.416666666666667,0.583333333333333
"210","FLAWLESS",0.181818181818182,0.404519917477945,797.518636361867,152.227326738729,0,1
"211","FLOOD",0.416666666666667,0.514928650544437,780.35708333111,253.693824847561,0.416666666666667,0.583333333333333
"212","FLOURISH",0.5,0.522232967867094,781.830833326526,295.195539375919,0.5,0.5
"213","FLU",0.5,0.522232967867094,691.616249998035,154.905722500974,0.5,0.5
"214","FOOD",0.0833333333333333,0.288675134594813,819.284583338502,410.152679879836,0,1
"215","FORTUNE",0.5,0.522232967867094,756.382500011246,174.877833282224,0.5,0.5
"216","FRAUD",0.5,0.522232967867094,658.87583333263,103.533952642653,0.5,0.5
"217","FREEDOM",0.5,0.522232967867094,715.159999996603,158.826869995894,0.5,0.5
"218","FRESHNESS",0.583333333333333,0.514928650544437,712.033749995123,186.694174563145,0.416666666666667,0.583333333333333
"219","FRIENDLY",0.5,0.522232967867094,680.484583327176,154.169892474509,0.5,0.5
"220","FRIENDSHIP",0.5,0.522232967867094,652.182083340747,174.999737872072,0.5,0.5
"221","FRIGHTEN",0.5,0.522232967867094,782.367916669425,340.028130257541,0.5,0.5
"222","FRIGHTENED",0.5,0.522232967867094,753.151250009556,229.264234795618,0.5,0.5
"223","FROSTING",0.5,0.522232967867094,782.845833328274,119.487808527725,0.5,0.5
"224","FRUITFUL",0.0833333333333333,0.288675134594813,805.309583328025,151.848575586577,0,1
"225","FUDGE",0.5,0.522232967867094,783.525416670572,171.000767869366,0.5,0.5
"226","FUNERAL",1,0,752.281249991075,116.401449792368,0,1
"227","FUNGUS",0.416666666666667,0.514928650544437,657.532083322665,126.469213711391,0.416666666666667,0.583333333333333
"228","FUNNY",0.5,0.522232967867094,619.661250006592,128.710218793648,0.5,0.5
"229","GEM",0.454545454545455,0.522232967867094,736.696818190086,162.99261788375,0.545454545454545,0.454545454545455
"230","GENEROUS",0.5,0.522232967867094,769.326666663597,295.928702511999,0.5,0.5
"231","GENTLEMAN",0,0,792.75583333071,97.917182580505,0,1
"232","GERM",0.416666666666667,0.514928650544437,724.67999999683,203.114626698024,0.416666666666667,0.583333333333333
"233","GERMS",0.5,0.522232967867094,661.697083324399,186.882183401828,0.5,0.5
"234","GIFT",0.583333333333333,0.514928650544437,790.591250004882,294.192686061799,0.416666666666667,0.583333333333333
"235","GIGGLE",0.583333333333333,0.514928650544437,905.905833341569,427.438318243525,0.416666666666667,0.583333333333333
"236","GIRL",0.5,0.522232967867094,638.281249999282,154.998485577629,0.5,0.5
"237","GIRLFRIEND",0.5,0.522232967867094,698.184166664005,175.710509126646,0.5,0.5
"238","GOLDEN",0.5,0.522232967867094,758.992500002396,200.876200797134,0.5,0.5
"239","GORGEOUS",0.583333333333333,0.514928650544437,659.739583334015,119.226389744158,0.416666666666667,0.583333333333333
"240","GRADUATE",0.416666666666667,0.514928650544437,892.819166665242,411.872687025979,0.583333333333333,0.416666666666667
"241","GRATEFUL",0.5,0.522232967867094,768.110833328853,298.432929936012,0.5,0.5
"242","GRAVE",0.416666666666667,0.514928650544437,828.342083337363,472.388256284135,0.416666666666667,0.583333333333333
"243","GREASY",0.5,0.522232967867094,706.004166671914,150.34328163258,0.5,0.5
"244","GREED",0.5,0.522232967867094,734.462916657508,189.915589907306,0.5,0.5
"245","GREEDY",0.5,0.522232967867094,698.686666666254,298.418809714229,0.5,0.5
"246","GRIEF",0.5,0.522232967867094,727.660416662955,255.962799823181,0.5,0.5
"247","GRIEVE",0.5,0.522232967867094,725.161666668382,202.09627607235,0.5,0.5
"248","GRIEVING",0.5,0.522232967867094,680.90250000263,160.588078128704,0.5,0.5
"249","GRILL",0.5,0.522232967867094,845.912083335223,242.704162466489,0,1
"250","GRIM",0.5,0.522232967867094,667.862916670333,130.10960625677,0.5,0.5
"251","GRIN",0.666666666666667,0.492365963917331,809.852083330477,256.062039651615,0.333333333333333,0.666666666666667
"252","GRUB",0.333333333333333,0.492365963917331,870.183333330225,308.934393882516,0,1
"253","GRUDGE",0.5,0.522232967867094,695.154583327467,240.256722238421,0.5,0.5
"254","GRUMPY",0.5,0.522232967867094,660.502500010083,221.981316064392,0.5,0.5
"255","GUILT",0.5,0.522232967867094,708.69041666055,194.534948142518,0.5,0.5
"256","GUITAR",0.75,0.452267016866645,795.705833320807,199.464625415163,0.25,0.75
"257","GUNSHOT",0.5,0.522232967867094,677.897083333689,162.362191891401,0.5,0.5
"258","HAG",0.5,0.522232967867094,892.647499998401,349.711008302544,0.5,0.5
"259","HAIL",0.5,0.522232967867094,779.298333331628,235.250332261329,0,1
"260","HANDSOME",0.5,0.522232967867094,662.458333336999,75.4216964621893,0.5,0.5
"261","HANG",0.666666666666667,0.492365963917331,947.619166661888,546.322572283497,0,1
"262","HARMFUL",0.333333333333333,0.492365963917331,863.451249995317,436.340775195913,0.333333333333333,0.666666666666667
"263","HARMONY",0.5,0.522232967867094,758.036249998175,373.744847266173,0.5,0.5
"264","HATEFUL",0.5,0.522232967867094,671.707083336451,134.092556838995,0.5,0.5
"265","HAZARDOUS",0.5,0.522232967867094,681.922083346787,106.388796373333,0.5,0.5
"266","HEADACHE",0.5,0.522232967867094,722.393333332734,162.023310154609,0.5,0.5
"267","HEADLESS",0.5,0.522232967867094,822.585833337861,185.966436246884,0.5,0.5
"268","HEADSTONE",0.5,0.522232967867094,924.415833336625,324.546909919017,0.5,0.5
"269","HEAL",0.416666666666667,0.514928650544437,710.824166657641,142.698578042239,0.583333333333333,0.416666666666667
"270","HEALTHY",0.5,0.522232967867094,686.353749994024,150.971722959246,0.5,0.5
"271","HEARTBREAK",0.416666666666667,0.514928650544437,1034.72791665762,562.065659904019,0.416666666666667,0.583333333333333
"272","HEARTBURN",0.5,0.522232967867094,825.863333331141,204.40172791694,0.5,0.5
"273","HEARTLESS",0.583333333333333,0.514928650544437,830.247499995542,201.80736132736,0.583333333333333,0.416666666666667
"274","HEAVEN",0.5,0.522232967867094,683.336249992603,161.368291667619,0.5,0.5
"275","HEAVENLY",0.5,0.522232967867094,639.797500006386,116.08301230909,0.5,0.5
"276","HELLFIRE",0.5,0.522232967867094,687.399583327552,153.215816711255,0.5,0.5
"277","HELPLESS",0.416666666666667,0.514928650544437,822.713749997689,237.719486083643,0.416666666666667,0.583333333333333
"278","HEROIC",0.75,0.452267016866645,766.938333333933,219.653980578973,0.25,0.75
"279","HEROIN",0.5,0.522232967867094,778.980833337725,210.310022967459,0.5,0.5
"280","HIRE",0,0,868.240833333396,202.728506046673,0,1
"281","HOLIDAY",0.5,0.522232967867094,738.789166661964,176.699550184918,0.5,0.5
"282","HOMELESS",0.5,0.522232967867094,772.985416675539,224.834226924483,0.5,0.5
"283","HOMEMADE",0.5,0.522232967867094,719.158749991429,134.097160424297,0.5,0.5
"284","HONEST",0.5,0.522232967867094,698.695833341599,163.373247406095,0.5,0.5
"285","HONEY",0.5,0.522232967867094,733.604583334493,154.76500727528,0.5,0.5
"286","HONORABLE",0.5,0.522232967867094,713.330416666213,209.692962345345,0.5,0.5
"287","HOPEFUL",0.5,0.522232967867094,698.833749988949,148.310244161307,0.5,0.5
"288","HOPELESS",0.666666666666667,0.492365963917331,778.022499998722,185.771180914126,0.666666666666667,0.333333333333333
"289","HOSTAGE",0.5,0.522232967867094,702.932916671578,142.660718663733,0.5,0.5
"290","HOSTILE",0.5,0.522232967867094,756.404166667543,179.366316771005,0.5,0.5
"291","HUMOR",0.416666666666667,0.514928650544437,735.719166675893,293.01775726149,0.583333333333333,0.416666666666667
"292","HUMOROUS",0.5,0.522232967867094,648.990000005137,99.4743575045494,0.5,0.5
"293","HUSBAND",0.583333333333333,0.514928650544437,790.297916663209,313.979003198888,0.416666666666667,0.583333333333333
"294","IDEA",0.5,0.522232967867094,719.129166672797,174.23303126641,0.5,0.5
"295","ILLEGAL",0.5,0.522232967867094,653.651666666835,120.594487094425,0.5,0.5
"296","ILLNESS",0.5,0.522232967867094,666.120833334823,147.753673109965,0.5,0.5
"297","IMMOBILE",0.583333333333333,0.514928650544437,781.896249995138,146.370901497848,0.583333333333333,0.416666666666667
"298","IMPRESSIVE",0.5,0.522232967867094,709.151249998807,162.03998664708,0.5,0.5
"299","INCEST",0.5,0.522232967867094,668.057083333123,113.495723435489,0.5,0.5
"300","INFECT",0.416666666666667,0.514928650544437,670.404166661116,325.74186945815,0.416666666666667,0.583333333333333
"301","INHERIT",0.5,0.522232967867094,963.260833329417,428.744317813305,0.5,0.5
"302","INJECTION",0.5,0.522232967867094,653.544166666674,102.596029759706,0.5,0.5
"303","INJURY",0.5,0.522232967867094,766.262916668495,262.617708122051,0.5,0.5
"304","INSANE",0.583333333333333,0.514928650544437,749.722083332303,144.934556591889,0.25,0.75
"305","INSECURE",0.416666666666667,0.514928650544437,865.79791666569,373.892718696468,0.416666666666667,0.583333333333333
"306","INSOMNIA",0.5,0.522232967867094,775.288750009907,292.256788856046,0.5,0.5
"307","INSULT",0.5,0.522232967867094,711.652916669746,263.227843738352,0.5,0.5
"308","INSULTING",0.5,0.522232967867094,742.780416664751,327.080569443053,0.5,0.5
"309","INTRUDER",0.5,0.522232967867094,801.292083339712,301.459512553498,0.5,0.5
"310","INVADER",0.5,0.522232967867094,752.139999995573,174.144155919271,0.5,0.5
"311","ISLAND",0.583333333333333,0.514928650544437,725.118333337251,117.849028023057,0.416666666666667,0.583333333333333
"312","ITCHY",0.5,0.522232967867094,742.424166673331,199.165325795902,0.5,0.5
"313","JACKPOT",0.416666666666667,0.514928650544437,846.562083331418,188.923750321636,0.583333333333333,0.416666666666667
"314","JAIL",0.416666666666667,0.514928650544437,623.895416660086,146.303255777585,0.416666666666667,0.583333333333333
"315","JAM",0.5,0.522232967867094,892.380833328759,285.850895619751,0,1
"316","JEALOUSY",0.333333333333333,0.492365963917331,697.093333337905,167.879443390503,0.333333333333333,0.666666666666667
"317","JOYFUL",0.5,0.522232967867094,651.718333338866,117.646882643362,0.5,0.5
"318","JUICY",0.416666666666667,0.514928650544437,744.041249994838,232.570572691593,0.583333333333333,0.416666666666667
"319","JUNKIE",0.5,0.522232967867094,756.07750000476,143.42849137997,0.5,0.5
"320","KID",0.5,0.522232967867094,855.132916657725,219.346094437258,0.5,0.5
"321","KIDNAP",0.5,0.522232967867094,657.897499992118,93.102255971991,0.5,0.5
"322","KIDNAPPING",0.5,0.522232967867094,839.277499997537,322.595863044552,0.5,0.5
"323","KILLING",0.545454545454545,0.522232967867094,703.021818182897,116.33635300924,0.545454545454545,0.454545454545455
"324","KINDNESS",0.583333333333333,0.514928650544437,617.527916664537,146.272523320597,0.416666666666667,0.583333333333333
"325","KINSHIP",0.5,0.522232967867094,870.237916654912,378.201034803197,0.5,0.5
"326","KNOWLEDGE",0.5,0.522232967867094,699.668333337172,134.665990359598,0.5,0.5
"327","LAUGHTER",0.5,0.522232967867094,694.930000001836,208.795273811407,0.5,0.5
"328","LAWSUIT",0.916666666666667,0.288675134594813,800.338333331254,185.342542431135,0,1
"329","LEECH",0.5,0.522232967867094,687.466666670904,86.9678242839011,0.5,0.5
"330","LEGACY",0.416666666666667,0.514928650544437,880.395000002774,309.310363874201,0.583333333333333,0.416666666666667
"331","LEISURE",0.5,0.522232967867094,743.672083337129,137.667592164637,0.5,0.5
"332","LEMONADE",0,0,800.004166666494,294.31050771893,0,1
"333","LETHAL",0.5,0.522232967867094,742.250416662893,208.73495849734,0.5,0.5
"334","LEUKEMIA",0.5,0.522232967867094,633.01291666094,81.943315189504,0.5,0.5
"335","LIBERTY",0.583333333333333,0.514928650544437,777.816250001631,195.71854520296,0.416666666666667,0.583333333333333
"336","LICE",0.5,0.522232967867094,707.958333329289,136.893442641918,0.5,0.5
"337","LIFETIME",0.666666666666667,0.492365963917331,789.891249995941,262.029765910466,0.333333333333333,0.666666666666667
"338","LIVE",0.5,0.522232967867094,814.920416661111,255.140795470781,0.5,0.5
"339","LOATHING",0.5,0.522232967867094,865.111250003678,226.995740672248,0.5,0.5
"340","LONELINESS",0.583333333333333,0.514928650544437,730.822499999643,208.550215107198,0.583333333333333,0.416666666666667
"341","LONELY",0.583333333333333,0.514928650544437,719.093333329121,154.191715497715,0.583333333333333,0.416666666666667
"342","LOOT",0.5,0.522232967867094,765.700833334059,307.025595935766,0,1
"343","LOSS",0.5,0.522232967867094,622.350833331681,106.351161608908,0.5,0.5
"344","LOST",0.5,0.522232967867094,811.694166671254,278.960736393256,0.5,0.5
"345","LOVABLE",0,0,644.463749993908,87.8523098484968,0,1
"346","LOVED",0.5,0.522232967867094,669.392916669373,211.719355731115,0.5,0.5
"347","LOVELESS",0.333333333333333,0.492365963917331,827.900416671831,290.394675408227,0.333333333333333,0.666666666666667
"348","LOYALTY",0.416666666666667,0.514928650544437,611.865416669127,110.78456859375,0.583333333333333,0.416666666666667
"349","LUNCHEON",0.5,0.522232967867094,763.108333331613,217.747943022879,0.5,0.5
"350","LUXURY",0.5,0.522232967867094,703.73416667418,232.428966712789,0.5,0.5
"351","MAD",0.5,0.522232967867094,700.88833334124,205.910936263591,0.5,0.5
"352","MAGGOT",0.5,0.522232967867094,640.862916673781,96.1547830648994,0.5,0.5
"353","MAJESTIC",0.583333333333333,0.514928650544437,678.63041666331,100.067929234961,0.416666666666667,0.583333333333333
"354","MALICE",0.416666666666667,0.514928650544437,662.712916660684,174.063540348769,0.416666666666667,0.583333333333333
"355","MAMA",0.5,0.522232967867094,769.108333341409,227.448204090281,0.5,0.5
"356","MANGLE",0.5,0.522232967867094,747.662916680268,177.459624152209,0.5,0.5
"357","MARRIAGE",0.5,0.522232967867094,809.394166667706,280.815191273745,0.5,0.5
"358","MARRY",0.5,0.522232967867094,631.309166671599,84.7587281917117,0.5,0.5
"359","MEAL",0.416666666666667,0.514928650544437,843.291250002222,275.581321650634,0.583333333333333,0.416666666666667
"360","MEASLES",0.583333333333333,0.514928650544437,757.522500008495,234.972035858772,0.583333333333333,0.416666666666667
"361","MERRY",0.5,0.522232967867094,845.367083335843,334.43656144054,0.5,0.5
"362","MILDEW",0.5,0.522232967867094,791.046666673226,217.357078461169,0.5,0.5
"363","MILLION",0.5,0.522232967867094,744.405833344121,164.854461210464,0.5,0.5
"364","MIRACLE",0.5,0.522232967867094,655.054166675473,94.2318817132944,0.5,0.5
"365","MISERABLE",0.5,0.522232967867094,755.709583336607,282.471023804283,0.5,0.5
"366","MISERY",0.5,0.522232967867094,638.372083332038,168.76635084991,0.5,0.5
"367","MISFIRE",1,0,788.5941666748,164.916938639416,0,1
"368","MISSILE",0.416666666666667,0.514928650544437,749.284166670142,153.373478414036,0.416666666666667,0.583333333333333
"369","MISTAKE",0.5,0.522232967867094,674.979583333906,135.324083946394,0.5,0.5
"370","MISTRUST",0.5,0.522232967867094,792.699583333724,263.057039825084,0.5,0.5
"371","MOCKERY",0.5,0.522232967867094,816.915833322154,287.396440934689,0.5,0.5
"372","MOM",0.5,0.522232967867094,596.552916672619,94.7107068292015,0.5,0.5
"373","MONSTER",0.5,0.522232967867094,657.281666660473,263.060553750023,0.5,0.5
"374","MOONLIT",0.5,0.522232967867094,889.417083337377,282.555437901353,0.5,0.5
"375","MORBID",0.5,0.522232967867094,889.457499999871,320.143469980554,0.5,0.5
"376","MOTHER",0,0,672.124583332995,137.388227041804,0,1
"377","MOURN",0.583333333333333,0.514928650544437,757.062499999318,155.138528694491,0.583333333333333,0.416666666666667
"378","MOVIE",0.5,0.522232967867094,751.758333338067,229.21229262622,0.5,0.5
"379","MUFFIN",0.583333333333333,0.514928650544437,774.215833330527,153.514537924539,0.416666666666667,0.583333333333333
"380","MUG",0.5,0.522232967867094,858.045833335851,388.19054864036,0,1
"381","MUGGER",0.5,0.522232967867094,660.396666660276,77.8102780978634,0.5,0.5
"382","MUSIC",0,0,707.653749996774,261.312357700257,0,1
"383","MUSICAL",0.5,0.522232967867094,754.024583326791,411.207741712261,0.5,0.5
"384","NAG",0.5,0.522232967867094,688.670833335641,179.778893724248,0.5,0.5
"385","NASTY",0.5,0.522232967867094,668.192500004171,185.865104608124,0.5,0.5
"386","NAUSEA",0.5,0.522232967867094,703.355833350908,195.788134901244,0.5,0.5
"387","NEEDY",1,0,852.636249995052,283.700435440876,0,1
"388","NEGATIVE",1,0,649.94250000525,125.754143662016,1,0
"389","NEGLECT",0.5,0.522232967867094,692.497500003054,220.63562297681,0.5,0.5
"390","NEWBORN",0.5,0.522232967867094,866.126249996264,329.303326397949,0.5,0.5
"391","NOBLE",0.583333333333333,0.514928650544437,792.837500004513,180.703767692684,0.416666666666667,0.583333333333333
"392","NURTURE",0,0,907.508333322126,464.153305134128,0,1
"393","OASIS",0.5,0.522232967867094,795.201666650484,230.455645116682,0.5,0.5
"394","OBESITY",0.5,0.522232967867094,648.002499994952,139.368691045693,0.5,0.5
"395","OPERATION",0.583333333333333,0.514928650544437,917.194583344039,267.917987306106,0.583333333333333,0.416666666666667
"396","OPTIMISM",0.416666666666667,0.514928650544437,746.712916667132,151.009108022331,0.583333333333333,0.416666666666667
"397","OPTIMIST",0.583333333333333,0.514928650544437,664.2929166696,106.84557089732,0.416666666666667,0.583333333333333
"398","ORIGINAL",0.5,0.522232967867094,807.835416658312,255.918537997619,0.5,0.5
"399","ORPHANED",0.666666666666667,0.492365963917331,806.672083336382,207.176321957444,0.666666666666667,0.333333333333333
"400","OUTBREAK",0.416666666666667,0.514928650544437,734.581666655906,173.882345702603,0.416666666666667,0.583333333333333
"401","OUTCAST",0.5,0.522232967867094,790.197083335998,155.883562598842,0.5,0.5
"402","OVERCOME",0.333333333333333,0.492365963917331,972.82083333629,564.48068739647,0,1
"403","OVERDOSE",0.5,0.522232967867094,822.072083322683,354.774961587256,0.5,0.5
"404","OVERWORKED",0.583333333333333,0.514928650544437,806.261666670262,204.488594831301,0.583333333333333,0.416666666666667
"405","OXYGEN",0.666666666666667,0.492365963917331,789.691250004918,191.689921270028,0.333333333333333,0.666666666666667
"406","PAINFUL",0.5,0.522232967867094,776.029999997176,254.511550590365,0.5,0.5
"407","PAINLESS",0.333333333333333,0.492365963917331,871.084166656195,318.264620915457,0.666666666666667,0.333333333333333
"408","PANCAKE",0.5,0.522232967867094,819.732083327818,300.653180651779,0.5,0.5
"409","PANDA",0.583333333333333,0.514928650544437,770.814583341804,163.090920096986,0.416666666666667,0.583333333333333
"410","PARALYZE",0.5,0.522232967867094,677.960833324702,151.629747226916,0.5,0.5
"411","PARASITE",0.5,0.522232967867094,693.402916674078,183.304786418036,0.5,0.5
"412","PASTA",0.583333333333333,0.514928650544437,689.709999992803,139.667813633233,0.416666666666667,0.583333333333333
"413","PATIENT",0.416666666666667,0.514928650544437,830.181666666873,239.625051547207,0,1
"414","PEACE",0.5,0.522232967867094,677.49166666613,181.107203214545,0.5,0.5
"415","PEACEFUL",0.5,0.522232967867094,617.240416669985,106.179598016703,0.5,0.5
"416","PERFECT",0.5,0.522232967867094,718.915416668995,240.091808652974,0.5,0.5
"417","PERISH",0.416666666666667,0.514928650544437,884.099583333302,387.068022241281,0.416666666666667,0.583333333333333
"418","PERK",0.583333333333333,0.514928650544437,879.665833339044,376.925173475834,0.416666666666667,0.583333333333333
"419","PEST",0.5,0.522232967867094,800.6987499976,169.321575905671,0.5,0.5
"420","PHONY",0.5,0.522232967867094,756.3158333363,121.651400518176,0.5,0.5
"421","PICK",0.666666666666667,0.492365963917331,985.639999987485,312.260494279477,0,1
"422","PICTURES",0.583333333333333,0.514928650544437,821.89041665884,291.534746508207,0.416666666666667,0.583333333333333
"423","PISS",1,0,802.196666666626,260.387385720125,0,1
"424","PIZZA",0.5,0.522232967867094,703.229166665983,135.666730309433,0.5,0.5
"425","PLAYER",0.5,0.522232967867094,924.934583330716,412.601234646948,0,1
"426","PLAYGROUND",0.583333333333333,0.514928650544437,717.743750008524,188.050696889094,0.416666666666667,0.583333333333333
"427","PLAYMATE",0.583333333333333,0.514928650544437,760.005416664644,187.653807348541,0.416666666666667,0.583333333333333
"428","PLEASED",0.5,0.522232967867094,691.257499989891,226.114195242187,0.5,0.5
"429","PLEASING",0.583333333333333,0.514928650544437,739.320833324849,277.890416441483,0.416666666666667,0.583333333333333
"430","POLIO",0.5,0.522232967867094,734.704999996364,93.5628780839606,0.5,0.5
"431","POLLUTE",0.5,0.522232967867094,737.456249996559,199.380718138996,0.5,0.5
"432","POLLUTION",0.416666666666667,0.514928650544437,740.490833329922,189.154138277441,0.416666666666667,0.583333333333333
"433","POP",0.5,0.522232967867094,930.305416668649,281.828348333325,0,1
"434","POPCORN",0.5,0.522232967867094,753.382500009665,181.372546622929,0.5,0.5
"435","POSITIVE",0,0,659.667083337788,97.6690226408157,1,0
"436","POVERTY",0.5,0.522232967867094,878.150416663625,385.658877250743,0.5,0.5
"437","PREGNANT",0.5,0.522232967867094,783.235833336365,248.802118277793,0.5,0.5
"438","PREJUDICE",0.5,0.522232967867094,686.049583325483,121.476166097895,0.5,0.5
"439","PRETTY",0.5,0.522232967867094,732.392499995205,331.043490706041,0.5,0.5
"440","PRICK",0.5,0.522232967867094,745.387916664654,237.009998251574,0.5,0.5
"441","PRISON",0.5,0.522232967867094,689.367499995921,191.380405802756,0.5,0.5
"442","PRISONER",0.416666666666667,0.514928650544437,670.484166669596,122.08620897232,0.416666666666667,0.583333333333333
"443","PRIZE",0.5,0.522232967867094,805.498333334574,368.86137911325,0.5,0.5
"444","PROFANE",0.5,0.522232967867094,857.013750001606,385.513440620022,0.5,0.5
"445","PROMOTION",0.5,0.522232967867094,764.569999999837,86.208859414447,0.5,0.5
"446","PROUD",0.5,0.522232967867094,668.88041666369,115.91235855412,0,1
"447","PROWLER",0.5,0.522232967867094,879.05624999939,377.991295510479,0.5,0.5
"448","PUKE",0.5,0.522232967867094,690.720000000568,247.031346143101,0.5,0.5
"449","PUNCH",0.5,0.522232967867094,855.914583332711,245.318547793365,0,1
"450","PUP",0.583333333333333,0.514928650544437,882.807083336079,239.936541897331,0.416666666666667,0.583333333333333
"451","QUARREL",0.5,0.522232967867094,856.491666671153,350.820302081055,0.5,0.5
"452","RABBIT",0,0,831.548636360773,189.920296211039,0,1
"453","RACIST",0.5,0.522232967867094,725.094999997881,136.54886248321,0.5,0.5
"454","RADIANT",0.583333333333333,0.514928650544437,882.637500000407,402.79734269743,0.416666666666667,0.583333333333333
"455","RADICAL",0.5,0.522232967867094,907.891666672565,332.049308125816,0,1
"456","RAISE",0.5,0.522232967867094,729.573333335763,159.358475519371,0.5,0.5
"457","RANSOM",0.416666666666667,0.514928650544437,856.975000008157,289.652431282493,0.416666666666667,0.583333333333333
"458","RECEIVE",0.636363636363636,0.504524979109513,1084.68590908987,580.861281546671,0.363636363636364,0.636363636363636
"459","RECESSION",0.5,0.522232967867094,831.183750001772,184.733899603156,0.5,0.5
"460","REFRESHING",0.5,0.522232967867094,948.325000002675,613.547409981671,0.5,0.5
"461","REJECT",0.5,0.522232967867094,618.524166677707,113.031201945032,0.5,0.5
"462","REJECTED",0.5,0.522232967867094,741.828750003579,289.48320331642,0.5,0.5
"463","REJECTION",0.5,0.522232967867094,689.917499996113,162.313980742765,0.5,0.5
"464","REJOICE",0.583333333333333,0.514928650544437,838.891666667291,306.902089118631,0.416666666666667,0.583333333333333
"465","RELAPSE",0.916666666666667,0.288675134594813,866.983333337586,314.46202787871,0,1
"466","RELAXING",0.583333333333333,0.514928650544437,709.184166663321,111.417334096789,0.416666666666667,0.583333333333333
"467","REPULSIVE",0.5,0.522232967867094,741.782499991682,156.400770595763,0.5,0.5
"468","RESCUE",0.583333333333333,0.514928650544437,892.427083332634,355.131163076257,0.416666666666667,0.583333333333333
"469","RESORT",0.5,0.522232967867094,851.026666656408,306.30882320928,0.5,0.5
"470","RETARDED",0.5,0.522232967867094,638.217916670675,129.314834481488,0.5,0.5
"471","RETREAT",0.75,0.452267016866645,932.534999991891,373.526982899452,0,1
"472","REVOKE",0.5,0.522232967867094,829.667916661747,270.809935651578,0.5,0.5
"473","REVOLUTION",0.666666666666667,0.492365963917331,938.156250001498,213.512513625804,0,1
"474","REWARD",0.545454545454545,0.522232967867094,656.1531818207,122.39294829001,0.454545454545455,0.545454545454545
"475","RICHES",0.666666666666667,0.492365963917331,769.997083339679,218.010478085475,0.333333333333333,0.666666666666667
"476","RING",0.583333333333333,0.514928650544437,926.832499996579,338.280992926252,0.416666666666667,0.583333333333333
"477","RIOT",0.5,0.522232967867094,737.268749996787,210.003333211556,0,1
"478","ROACH",0.5,0.522232967867094,856.957083329404,319.196559882041,0.5,0.5
"479","ROB",0.5,0.522232967867094,800.008749992787,252.178439088618,0.5,0.5
"480","ROMANTIC",0.5,0.522232967867094,850.915416662517,559.09618450648,0.5,0.5
"481","ROTTEN",1,0,743.246249991374,403.411164271121,0,1
"482","RUDE",0.416666666666667,0.514928650544437,624.056666670195,134.008588503156,0.416666666666667,0.583333333333333
"483","RUIN",0.416666666666667,0.514928650544437,777.852500001092,158.905622396352,0.416666666666667,0.583333333333333
"484","RUSH",0.583333333333333,0.514928650544437,907.575833321525,284.442285560113,0,1
"485","SANDWICH",0.5,0.522232967867094,754.337083328957,318.880235491798,0.5,0.5
"486","SATISFY",0.5,0.522232967867094,710.996666671749,212.237427747762,0.5,0.5
"487","SAVE",0.5,0.522232967867094,817.559583329782,283.576458868847,0.5,0.5
"488","SCUM",0.5,0.522232967867094,632.048750006317,109.025615776053,0.5,0.5
"489","SHADY",0.416666666666667,0.514928650544437,764.278333324299,274.375636641968,0,1
"490","SHAKE",0.583333333333333,0.514928650544437,958.517083342066,365.164732531713,0,1
"491","SHAME",0.583333333333333,0.514928650544437,759.223333331863,201.808975327423,0.583333333333333,0.416666666666667
"492","SHAMED",0.5,0.522232967867094,835.70458333636,320.946130509372,0.5,0.5
"493","SHARP",0.583333333333333,0.514928650544437,935.483333341267,392.556467412257,0,1
"494","SHINE",0.5,0.522232967867094,734.607916671506,210.430895613853,0.5,0.5
"495","SHOOT",0.5,0.522232967867094,781.83250000915,172.625227639962,0,1
"496","SHOT",0.5,0.522232967867094,830.389166658269,272.857161891063,0,1
"497","SHOWER",0.5,0.522232967867094,916.145000000336,376.975717316841,0.5,0.5
"498","SHRED",0.583333333333333,0.514928650544437,1004.59541666825,546.034427448906,0,1
"499","SIBLING",0.666666666666667,0.492365963917331,917.537916664975,267.305139488888,0.333333333333333,0.666666666666667
"500","SICK",0.416666666666667,0.514928650544437,630.628749996501,116.32889964111,0.416666666666667,0.583333333333333
"501","SILVER",0.5,0.522232967867094,816.036666671542,147.802144444707,0.5,0.5
"502","SING",0.5,0.522232967867094,702.486249998496,151.248809507014,0.5,0.5
"503","SLANDER",0.5,0.522232967867094,722.390833328568,183.697421337251,0.5,0.5
"504","SLAP",0.5,0.522232967867094,714.714583331588,187.545950833066,0.5,0.5
"505","SLAUGHTER",0.583333333333333,0.514928650544437,670.400000004129,94.946822843695,0.583333333333333,0.416666666666667
"506","SLAVE",1,0,685.697500000899,107.069553266949,0,1
"507","SLAVERY",0.5,0.522232967867094,691.733333336411,117.484654344905,0.5,0.5
"508","SLAY",0.5,0.522232967867094,711.430833332538,205.938685291807,0.5,0.5
"509","SLOB",0.5,0.522232967867094,696.225000006777,170.867792705555,0.5,0.5
"510","SLUDGE",0.5,0.522232967867094,703.268750009645,155.400154269945,0.5,0.5
"511","SLUM",0.5,0.522232967867094,645.997499990127,131.978170905215,0.5,0.5
"512","SMILE",0.5,0.522232967867094,659.482083333746,232.775355754327,0.5,0.5
"513","SMOG",0.5,0.522232967867094,807.03958332439,361.577647198224,0.5,0.5
"514","SNAPPY",0.333333333333333,0.492365963917331,867.104583330486,430.792400507271,0,1
"515","SNOB",0.416666666666667,0.514928650544437,660.815833329504,131.733077622415,0.416666666666667,0.583333333333333
"516","SOB",0.416666666666667,0.514928650544437,810.06374999965,262.876929503873,0.416666666666667,0.583333333333333
"517","SONG",0.583333333333333,0.514928650544437,769.319166668312,263.022225763964,0.416666666666667,0.583333333333333
"518","SORE",0.5,0.522232967867094,813.370000008387,273.437864902214,0.5,0.5
"519","SOULFUL",0.545454545454545,0.522232967867094,925.69909091072,432.26820450401,0.454545454545455,0.545454545454545
"520","SOUP",0.583333333333333,0.514928650544437,700.210416661389,151.159471007414,0.416666666666667,0.583333333333333
"521","SPARKLE",0.5,0.522232967867094,658.959583334273,112.536642244216,0.5,0.5
"522","SPINELESS",1,0,857.218750005792,277.799436501256,0,1
"523","SPIRITED",0.5,0.522232967867094,791.227916672726,220.299530944749,0.5,0.5
"524","SPOIL",0.5,0.522232967867094,678.030416663438,142.780505509289,0.5,0.5
"525","SPOUSE",0.75,0.452267016866645,867.730833327078,254.179660408893,0.25,0.75
"526","SPRING",0.5,0.522232967867094,720.807916659175,173.968206049566,0.5,0.5
"527","STAR",0.5,0.522232967867094,688.513749994769,209.422096554425,0.5,0.5
"528","STARLIGHT",0.5,0.522232967867094,740.306250005628,201.225487985123,0.5,0.5
"529","STARVING",0.416666666666667,0.514928650544437,794.302083331034,230.196430252705,0.416666666666667,0.583333333333333
"530","STEAL",0.5,0.522232967867094,840.648750005603,333.959691780103,0.5,0.5
"531","STEALING",0.5,0.522232967867094,828.267500004845,386.714396886261,0.5,0.5
"532","STEREO",0.416666666666667,0.514928650544437,786.459583342655,197.611699251465,0.583333333333333,0.416666666666667
"533","STINK",0.5,0.522232967867094,725.240416661652,317.075501912285,0.5,0.5
"534","STRAWBERRY",0.5,0.522232967867094,667.512083327436,117.602547087308,0.5,0.5
"535","STRENGTHEN",0.5,0.522232967867094,771.105833330344,346.478149029835,0.5,0.5
"536","STRESS",0.416666666666667,0.514928650544437,699.281666662807,169.244667465439,0.416666666666667,0.583333333333333
"537","STRESSFUL",0.5,0.522232967867094,786.579583331482,263.765765895677,0.5,0.5
"538","STRIKE",0.5,0.522232967867094,806.951249999773,236.678076069341,0,1
"539","STUN",0.5,0.522232967867094,1112.17708333832,667.708053256248,0,1
"540","STUPID",0.5,0.522232967867094,738.827916662152,185.455729019208,0.5,0.5
"541","SUFFER",0.5,0.522232967867094,705.830000007295,174.716223642649,0.5,0.5
"542","SUMMER",0.416666666666667,0.514928650544437,655.449166669903,160.964464249895,0.583333333333333,0.416666666666667
"543","SUNBURN",0.416666666666667,0.514928650544437,848.26125000434,335.084184626346,0.416666666666667,0.583333333333333
"544","SUNLIGHT",0.583333333333333,0.514928650544437,648.285416669615,151.818726735425,0.416666666666667,0.583333333333333
"545","SUNNY",0.416666666666667,0.514928650544437,655.381666672006,193.067137231777,0.583333333333333,0.416666666666667
"546","SUNRISE",0.5,0.522232967867094,668.588749995918,162.23173185308,0.5,0.5
"547","SUNSET",0,0,715.122499997684,163.074969683883,0,1
"548","SUNSHINE",0.5,0.522232967867094,689.350416652912,170.243870778172,0.5,0.5
"549","SUPER",0.5,0.522232967867094,688.059583333423,135.465287106525,0.5,0.5
"550","SUPERIOR",0.416666666666667,0.514928650544437,717.480000004568,183.015517023347,0,1
"551","SURPRISE",0.5,0.522232967867094,931.212499996849,642.614807118347,0,1
"552","SURVIVAL",0.666666666666667,0.492365963917331,1110.36250000695,670.038898105069,0.333333333333333,0.666666666666667
"553","SURVIVOR",0.666666666666667,0.492365963917331,844.307499995162,206.634668372442,0,1
"554","SUSPECT",0.5,0.522232967867094,910.389999989852,454.827861664659,0.5,0.5
"555","SWEAR",0.5,0.522232967867094,1010.58833333636,610.273596267415,0,1
"556","SWEETIE",0.5,0.522232967867094,667.350416666644,93.5363466389859,0.5,0.5
"557","SWEETNESS",0.5,0.522232967867094,839.641666654054,317.241269432651,0.5,0.5
"558","SWIMMING",0.5,0.522232967867094,754.208750000616,191.956420028343,0.5,0.5
"559","SYMPHONY",0.5,0.522232967867094,814.64458332643,258.896090961421,0.5,0.5
"560","TALENTED",0.5,0.522232967867094,668.745000001931,124.690281235722,0.5,0.5
"561","TELEVISION",0.5,0.522232967867094,728.251666673417,182.703286462012,0.5,0.5
"562","TENSE",0.333333333333333,0.492365963917331,871.787500010158,418.542950842184,0.333333333333333,0.666666666666667
"563","TERMINAL",0.5,0.522232967867094,768.548333338183,134.367988702122,0,1
"564","TERRIBLE",0.5,0.522232967867094,623.992083330464,92.1624809798922,0.5,0.5
"565","TERRIFIC",0.583333333333333,0.514928650544437,722.655416664619,206.881909872366,0.416666666666667,0.583333333333333
"566","THANKFUL",0.5,0.522232967867094,671.304166655289,148.236366824094,0.5,0.5
"567","THEFT",0.5,0.522232967867094,734.307083334201,178.922011166393,0.5,0.5
"568","THICK",0.333333333333333,0.492365963917331,993.97499999799,278.075461473503,0,1
"569","THINKER",0,0,848.163749998118,273.528622835175,0,1
"570","TORTURE",0.416666666666667,0.514928650544437,652.635833325893,204.603456756047,0.416666666666667,0.583333333333333
"571","TOUCHDOWN",0.583333333333333,0.514928650544437,747.444166667755,153.771288898682,0.416666666666667,0.583333333333333
"572","TOXIC",0.5,0.522232967867094,898.277916675698,495.678288848962,0.5,0.5
"573","TOXIN",0.416666666666667,0.514928650544437,598.745000004977,83.0873714275445,0.416666666666667,0.583333333333333
"574","TRAFFIC",0.75,0.452267016866645,812.081666665773,185.33269571586,0,1
"575","TRAITOR",0.583333333333333,0.514928650544437,876.304583341008,319.545245337694,0.583333333333333,0.416666666666667
"576","TRASHY",0.5,0.522232967867094,673.012916656753,263.737145127091,0.5,0.5
"577","TRAUMA",0.5,0.522232967867094,719.328750004689,214.402275249049,0.5,0.5
"578","TRAVEL",0.5,0.522232967867094,730.137499996898,184.881593898011,0.5,0.5
"579","TREACHERY",0.583333333333333,0.514928650544437,760.94291666306,280.685046259013,0.583333333333333,0.416666666666667
"580","TREASURED",0,0,751.504583333612,210.997195804945,0,1
"581","TRICK",0.583333333333333,0.514928650544437,942.688333340666,368.182274380268,0,1
"582","TRIP",0.666666666666667,0.492365963917331,826.812916665196,204.194710595222,0,1
"583","TRIUMPH",0.5,0.522232967867094,720.589583342909,141.239359316412,0.5,0.5
"584","TROPICAL",0.416666666666667,0.514928650544437,718.892083329238,162.558043970945,0.583333333333333,0.416666666666667
"585","TROPICS",0.5,0.522232967867094,769.996249998413,257.102811396247,0.5,0.5
"586","TROUBLE",0.5,0.522232967867094,830.333750003022,239.921130857433,0.5,0.5
"587","TRUST",0.583333333333333,0.514928650544437,678.060833341192,124.059644465663,0.416666666666667,0.583333333333333
"588","TUMOR",0.5,0.522232967867094,719.03791667265,131.437457769594,0.5,0.5
"589","TYRANT",0.5,0.522232967867094,726.6991666662,206.889939864223,0.5,0.5
"590","UGLY",0.5,0.522232967867094,636.594583327907,151.129661356861,0.5,0.5
"591","ULCER",0.5,0.522232967867094,684.567083336044,150.634156751164,0.5,0.5
"592","UNEASY",0.5,0.522232967867094,786.352083327942,217.252858086923,0.5,0.5
"593","UNEMPLOYED",0.5,0.522232967867094,716.573333332126,203.975715906411,0.5,0.5
"594","UNFAITHFUL",0.583333333333333,0.514928650544437,731.217083328541,259.181361234166,0.583333333333333,0.416666666666667
"595","UNHEALTHY",0.583333333333333,0.514928650544437,667.741250008876,173.358702666976,0.583333333333333,0.416666666666667
"596","UNIQUE",0.5,0.522232967867094,851.747916672393,518.455803277321,0.5,0.5
"597","UNLAWFUL",0.5,0.522232967867094,675.342500010753,170.439800739382,0.5,0.5
"598","UNLUCKY",0.583333333333333,0.514928650544437,704.510416672834,96.6231861496471,0.583333333333333,0.416666666666667
"599","UNPAID",0.5,0.522232967867094,815.440416671163,338.151816025246,0.5,0.5
"600","UNPLEASANT",0.5,0.522232967867094,693.181666672511,251.217766638557,0.5,0.5
"601","UNREST",0.5,0.522232967867094,671.923749992806,207.544074823807,0.5,0.5
"602","UNSAFE",0.5,0.522232967867094,677.474166662883,156.840105315476,0.5,0.5
"603","UNWORTHY",0.545454545454545,0.522232967867094,706.044999996713,128.985818829262,0.545454545454545,0.454545454545455
"604","UPBEAT",0.583333333333333,0.514928650544437,782.386250001674,262.020442037585,0.416666666666667,0.583333333333333
"605","UPGRADE",0.583333333333333,0.514928650544437,799.60208333111,180.281532512662,0.416666666666667,0.583333333333333
"606","UPSET",0.5,0.522232967867094,762.082916663322,234.467124104844,0.5,0.5
"607","URINE",1,0,703.000833329154,143.353380739154,0,1
"608","USELESS",0.916666666666667,0.288675134594813,856.964583325638,248.375154488432,0,1
"609","VACATION",0.5,0.522232967867094,641.030416663879,141.164579923698,0.5,0.5
"610","VANDAL",1,0,846.990833326441,289.727845184172,0,1
"611","VICTIM",0.5,0.522232967867094,682.877083340335,184.467154695535,0.5,0.5
"612","VILE",0.5,0.522232967867094,676.288749990964,197.493372731882,0.5,0.5
"613","VIOLATE",0.5,0.522232967867094,743.825416667744,367.481365962867,0.5,0.5
"614","VIRUS",0.5,0.522232967867094,800.497083335542,278.348436160374,0.5,0.5
"615","VOMIT",0.5,0.522232967867094,642.765833345018,110.28943685164,0.5,0.5
"616","WARMTH",0.5,0.522232967867094,619.607083338458,79.2661817210643,0.5,0.5
"617","WARTIME",0.583333333333333,0.514928650544437,710.625833338602,206.074207813398,0.583333333333333,0.416666666666667
"618","WASTE",0.5,0.522232967867094,664.960416664658,211.285842507886,0.5,0.5
"619","WATERFALL",0.5,0.522232967867094,662.696250003161,99.6474651867286,0.5,0.5
"620","WEALTH",0.333333333333333,0.492365963917331,661.27833333344,146.964197612755,0.666666666666667,0.333333333333333
"621","WEDDING",0.5,0.522232967867094,706.399166666611,184.142959361411,0.5,0.5
"622","WEEKEND",0.583333333333333,0.514928650544437,688.704166663932,151.105889781015,0.416666666666667,0.583333333333333
"623","WEEP",0.5,0.522232967867094,783.996250008158,263.306585671703,0.5,0.5
"624","WILDLIFE",0.416666666666667,0.514928650544437,848.011249994771,301.30899906146,0.583333333333333,0.416666666666667
"625","WISE",0.583333333333333,0.514928650544437,635.034583339143,110.487294822269,0.416666666666667,0.583333333333333
"626","WONDERFUL",0.5,0.522232967867094,834.618749998781,230.064806169663,0.5,0.5
"627","WORTHLESS",0.5,0.522232967867094,679.47500001269,132.815030905784,0.5,0.5
"628","WOUNDS",0.5,0.522232967867094,713.713333338334,194.456380494042,0.5,0.5
"629","WRECK",1,0,772.749166662398,172.519863280602,0,1
